,C01,C02,C03,C04,C05,C06,C07,C08,C09,C10,C11,C12,C13,C14,C15,C16,C17,C18,C19,C20,H01,H02,H03,H04,H05,H06,H07,H08,H09,H10,H11,H12,H13,H14,H15,H16,H17,H18,H19,H20,M01,M02,M03,M04,M05,M06,M07,M08,M09,M10,M11,M12,M13,M14,M15,M16,M17,M18,M19,M20,Positive_control_MDA,Negative_control1,Negative_control2,Negative_control3,S01,S02,S03,S04,S05,S06,S07,S08,S09,S10,S11,S12,S13,S14,S15,S16,S17,S18,S19,S20
vOTU_2,0,0,0,0,0,0,0,0,0,0,0,0,0,0,0,0,0,0,0,0,0,2,0,0,0,0,0,0,0,94,174,0,1,0,0,0,0,0,0,0,0,0,0,0,0,0,0,0,0,0,0,0,0,0,0,0,0,0,0,0,0,0,4,0,1,1,1,0,0,0,0,0,0,0,0,0,3,2706,634,3,3,4,3,2
vOTU_25,0,0,0,0,0,0,2,0,209,0,0,0,1,0,41,0,0,0,0,0,0,0,0,0,0,0,0,0,0,0,0,0,0,0,0,0,0,0,0,0,0,0,0,0,0,0,2,0,482,0,0,0,1,0,17,0,0,0,0,0,0,0,0,0,0,0,0,0,0,0,0,0,0,0,0,0,0,0,0,0,0,0,0,0
vOTU_28,0,0,0,0,0,0,2,0,199,0,0,0,1,0,37,0,0,0,0,0,0,0,0,0,0,0,0,0,0,0,0,0,0,0,0,0,0,0,0,1,0,0,0,1,0,0,3,0,482,0,0,0,0,0,15,0,0,0,0,0,0,0,0,0,0,0,0,0,0,0,0,0,0,0,0,0,0,0,0,0,0,0,0,0
vOTU_29,0,0,0,0,0,0,21,0,205,0,10,0,2,1,43,3,0,1,1121,1,0,0,0,0,0,0,3,1,0,0,0,0,0,0,0,0,0,1,1,0,3,0,0,0,0,0,18,1,325,0,6,1,2,0,19,3,1,1,769,1,0,0,0,4,0,0,0,0,0,0,0,1,2,0,0,0,0,0,0,0,0,0,1,1
vOTU_32,0,0,0,0,0,0,23,0,208,1,11,0,2,2,42,3,1,1,1184,1,0,0,0,0,0,0,2,1,0,0,0,0,0,0,0,0,0,0,2,0,2,0,0,0,0,0,16,1,331,0,7,0,2,0,20,3,1,2,810,1,0,0,0,2,0,0,0,0,0,0,0,2,1,0,0,0,0,0,0,0,0,0,2,0
vOTU_46,0,0,0,0,0,0,0,0,0,0,1,150,0,0,0,0,0,0,0,0,0,0,0,0,0,0,0,0,0,0,0,0,0,0,0,0,0,0,0,0,0,0,0,0,0,0,0,0,0,0,0,259,0,0,0,0,0,0,0,0,0,0,0,0,0,0,0,0,0,0,0,0,0,0,0,0,0,0,0,0,0,0,0,0
vOTU_60,0,0,0,2,6,6,1,0,21,0,1,0,22,1,0,1,0,0,75,20,1,1,1,0,0,0,2,111,3,2,0,5,194,2,5,0,3,1,4,15,0,0,0,0,11,0,5,1,35,0,1,0,8,0,0,1,1,0,118,8,0,0,0,0,2,0,1,0,349,3,1,1,0,20,3,10,0,0,2,5,0,5,1,0
vOTU_64,0,0,2,3,1,1,3,1,1,1,1,1467,0,0,0,0,0,0,0,0,4,0,0,0,0,0,0,0,0,3,0,3,0,0,0,0,0,0,0,0,1,0,0,0,0,0,0,0,0,0,1,2205,1,0,1,1,0,1,0,1,0,21,0,0,0,6,0,0,0,0,0,0,0,0,1,0,1,0,0,0,0,0,0,0
vOTU_65,1,0,1,1,0,0,1,1,8,1,389,10,0,0,1,1,0,0,78,0,0,0,0,0,0,0,0,0,0,0,0,0,0,0,0,0,0,0,1,3,0,0,0,0,0,0,1,0,35,0,33,59,1,0,1,0,0,1,160,1,0,0,2,0,0,0,0,0,0,0,0,0,0,0,0,0,0,0,0,0,0,0,0,0
vOTU_68,0,0,1,0,3,5,1,0,1247,2,1,0,12,0,0,0,0,0,31,5,0,0,0,3,0,0,2,6,0,0,0,2,27,0,0,0,0,1,4,10,0,1,1,2,3,1,2,3,1906,1,2,0,1,0,0,1,0,0,49,3,0,0,0,0,0,0,0,0,6,1,0,0,1,5,0,0,0,0,1,0,0,1,1,2
vOTU_72,0,0,0,0,0,0,4,0,0,0,5,0,7,0,0,1,0,0,178,0,0,0,0,0,0,0,2,0,0,0,0,0,0,0,0,0,0,0,1,0,0,0,0,0,0,0,1,0,0,0,2,0,1,0,2,1,0,0,124,0,0,0,0,1,0,0,0,0,0,0,0,0,0,0,0,0,0,0,0,0,0,0,0,0
vOTU_73,0,0,0,1,0,0,1,0,0,0,337,0,0,0,0,0,0,0,1,0,0,0,0,0,0,0,0,0,1,0,0,0,0,0,0,0,0,0,0,0,0,0,0,0,0,0,0,0,0,0,15,0,0,0,0,0,0,0,1,0,0,0,0,0,0,0,0,0,0,0,0,0,0,1,0,0,0,0,0,0,0,0,0,0
vOTU_84,9,0,0,0,0,0,0,0,0,0,0,3,0,0,0,0,0,0,0,0,0,1,0,0,0,0,0,0,0,55,0,0,0,0,0,0,0,0,0,0,23,0,0,0,0,0,0,0,0,0,12,24,28,32,37,97,41,37,11,52,19107,651,0,0,0,3,0,0,0,0,0,0,0,0,102,0,0,0,0,0,0,0,0,0
vOTU_91,0,0,0,0,0,0,0,0,7,0,0,0,1,0,1,0,0,0,90,0,0,0,0,0,0,0,0,1,0,0,0,0,0,0,0,0,0,0,2,0,0,0,0,0,0,0,0,0,43,0,0,0,0,0,2,1,0,0,255,0,0,0,0,0,0,0,0,0,0,0,0,0,3,0,0,0,0,0,0,0,0,0,0,0
vOTU_96,0,0,0,1,0,0,1,0,1,0,131,0,0,0,0,0,0,0,25,0,0,0,0,0,0,0,0,0,0,0,0,0,0,0,0,0,0,0,0,0,0,0,0,0,0,0,0,0,5,0,7,3,0,0,0,0,0,0,55,0,0,0,0,0,0,0,0,0,0,0,0,0,0,0,0,0,0,0,0,0,0,0,0,0
vOTU_98,0,0,0,0,3,6,0,0,5,1,18,0,15,3,7,6,1,3,2131,16,0,0,0,0,0,0,2,5,0,0,0,2,22,2,1,0,0,0,1,7,6,0,0,0,2,0,3,8,12,0,13,3,8,3,9,9,4,6,2942,11,1,9,0,22,0,3,0,0,8,0,0,7,11,7,1,0,1,0,0,0,0,0,4,8
vOTU_115,0,0,0,0,2,464,0,1,41,1,2,0,10,0,0,2,0,0,107,8,0,0,0,0,0,0,0,2,0,0,0,0,11,0,4,0,0,0,1,15,0,0,0,0,4,6,1,2,55,0,1,0,4,0,2,11,1,0,172,4,0,0,0,0,0,0,0,0,6,0,0,0,2,20,2,0,0,0,0,0,0,0,0,1
vOTU_116,0,0,0,0,0,0,2,0,235,0,0,0,0,0,43,0,0,0,0,0,0,0,0,0,0,0,0,0,0,0,0,0,0,0,0,0,0,0,2,0,0,1,0,1,0,0,3,1,519,0,0,0,1,0,13,0,0,0,1,0,0,0,0,0,0,0,0,0,0,0,0,0,0,0,0,0,0,0,0,0,0,0,0,0
vOTU_121,0,0,0,0,0,0,1,0,2,1,188,4,0,0,0,0,0,0,30,0,0,0,0,0,0,0,0,0,0,0,0,0,0,0,0,0,0,0,0,2,0,0,0,0,0,0,2,1,8,0,17,47,0,0,0,3,0,0,58,0,0,0,0,0,0,0,0,0,0,0,0,0,0,0,2,0,0,0,0,0,0,0,0,0
vOTU_130,4,0,0,1,0,1,4,2,8,1,677,9,0,0,0,0,1,0,27,0,0,0,0,0,0,0,0,0,3,0,0,0,0,0,0,0,0,0,0,2,0,0,0,0,0,0,3,1,20,1,34,6,0,0,0,1,0,0,30,0,0,0,1,0,0,0,0,0,0,0,0,0,0,0,0,0,0,0,0,0,0,0,0,0
vOTU_138,0,0,0,0,0,0,1,0,263,0,0,0,1,0,33,0,0,0,0,0,0,0,0,0,0,0,0,0,0,0,0,0,0,0,0,0,0,0,2,0,0,0,1,0,0,0,2,1,557,0,0,0,1,0,14,0,0,0,0,0,0,0,0,0,0,0,0,0,0,0,0,0,0,0,0,0,0,0,0,0,0,0,0,0
vOTU_148,0,0,0,0,0,0,0,0,1,1,262,6,0,0,0,0,0,0,7,0,0,0,0,0,0,0,0,0,0,0,0,0,0,0,0,0,0,0,0,0,0,0,0,0,0,0,0,0,10,0,24,9,0,0,0,0,0,0,17,0,0,0,1,0,0,0,0,0,0,0,0,0,0,0,0,0,0,0,0,0,0,0,0,0
vOTU_181,4,0,0,4,1,1,8,1,14,1,503,10,0,0,0,3,3,0,20,1,0,0,0,0,0,0,0,0,1,0,0,0,0,0,0,0,0,0,0,4,0,0,0,0,0,0,9,0,24,0,33,8,0,0,0,2,0,0,22,1,0,0,0,0,0,0,0,0,0,0,0,0,0,3,0,0,0,0,0,0,0,0,0,0
vOTU_196,0,0,0,0,0,0,0,0,1,0,202,0,0,0,0,0,0,0,35,0,0,0,0,0,0,0,0,0,0,0,0,0,0,0,0,0,0,0,0,0,0,0,0,0,0,0,1,0,1,1,12,2,0,0,0,0,0,0,46,0,0,0,4,0,0,0,0,0,0,0,0,0,0,0,0,0,0,0,0,0,0,0,0,0
vOTU_198,0,0,0,0,0,0,1,0,5,0,324,4,0,0,0,0,0,0,3,0,0,0,0,0,0,0,0,0,0,0,0,0,0,0,0,0,0,0,0,0,0,0,0,0,0,0,0,0,2,0,12,14,0,0,0,0,0,0,5,0,0,0,0,0,0,0,0,0,0,0,0,0,0,0,0,0,0,0,0,0,0,0,0,0
vOTU_212,0,0,0,0,0,0,95,0,0,0,2,0,0,0,1,0,0,1,288,0,0,0,0,0,0,0,6,0,0,0,0,0,0,0,0,0,0,0,0,0,2,0,0,0,0,0,54,0,2,0,1,0,0,0,3,0,0,1,263,0,0,0,0,5,0,0,0,0,0,0,0,0,0,0,0,0,0,0,0,0,0,0,0,1
vOTU_280,0,0,0,0,0,0,38,0,284,1,19,0,4,2,96,5,1,2,2087,2,0,0,0,0,0,0,7,1,0,0,0,0,0,0,0,0,0,1,4,0,8,0,0,0,0,0,33,1,448,0,8,1,3,1,30,2,3,3,1502,0,0,0,0,8,0,0,0,0,0,0,0,7,5,0,0,0,0,0,0,0,0,0,2,1
vOTU_286,0,0,0,0,0,0,67,0,0,1,2,0,1,0,0,1,0,0,274,0,0,0,0,0,0,0,0,0,0,0,0,3,0,0,0,0,2,0,0,0,1,0,0,0,0,0,30,0,4,0,0,0,1,0,1,0,0,1,248,0,0,0,0,0,0,0,0,0,0,0,0,0,0,0,0,0,0,0,0,0,0,0,0,1
vOTU_292,1,0,0,0,0,0,0,1,2,0,336,6,0,0,0,0,0,0,5,0,0,0,0,0,0,0,0,0,0,0,0,0,0,0,0,0,0,0,0,0,0,0,0,0,0,0,0,0,10,0,16,17,0,0,0,0,0,0,6,0,0,0,0,0,0,0,0,0,0,0,0,0,0,0,0,0,0,0,0,0,0,0,0,0
vOTU_299,1,0,1,1,0,0,0,1,3,0,294,6,0,0,0,0,0,0,27,0,0,0,0,0,0,0,0,0,0,0,0,0,0,0,0,0,0,0,0,0,0,0,0,0,0,0,0,0,4,0,16,3,0,0,0,0,0,0,15,0,0,0,2,0,0,0,0,0,0,0,0,0,0,0,0,0,0,0,0,0,0,0,0,0
vOTU_312,0,1,0,0,0,0,0,0,0,0,0,0,0,0,0,0,0,0,0,0,0,0,0,0,0,0,0,0,0,34,62,0,0,0,0,0,0,0,0,0,0,0,0,0,0,0,0,0,0,0,0,0,0,0,0,0,0,0,0,0,0,0,2,0,0,0,1,0,0,0,0,0,0,0,0,0,1,1108,249,0,0,0,1,0
vOTU_343,4,0,1,0,0,0,1,1,4,0,351,3,0,0,0,0,1,0,16,0,0,0,0,0,0,0,0,0,0,0,0,0,0,0,0,0,0,0,0,5,0,0,0,0,0,0,2,0,15,0,12,3,0,0,0,1,0,0,17,0,0,0,0,2,0,0,0,0,0,0,0,0,0,0,0,0,0,0,0,0,0,0,0,0
vOTU_373,0,0,0,1,0,0,0,1,1,0,193,3,0,0,0,1,1,0,37,0,0,0,0,0,0,0,0,0,2,0,0,0,1,0,0,2,0,0,0,0,0,0,0,1,0,0,1,0,7,0,18,37,0,0,0,4,0,1,81,0,0,0,0,0,0,6,0,0,0,0,0,0,0,0,0,0,0,0,0,1,0,0,0,0
vOTU_380,0,0,1,0,0,0,1,2,1,0,326,0,0,0,0,0,0,0,0,0,0,0,0,0,0,0,0,0,0,0,0,0,0,0,0,0,0,0,0,0,0,0,0,0,0,0,0,0,4,0,46,0,0,0,0,0,0,0,3,0,0,0,0,0,0,0,0,0,0,0,0,0,0,0,0,0,0,0,0,0,0,0,0,0
vOTU_384,0,0,0,0,0,0,1,0,2,0,12,1,1,0,1,31,1,0,2,10,0,0,0,0,0,0,0,2,2,0,0,0,1,0,0,0,2,0,0,0,0,0,0,0,0,0,27,1,18,0,19,1,1,0,0,14,0,0,11,0,0,384,2114,1843,0,2166,3,0,0,0,3,0,0,0,6,0,0,0,0,1,1,0,0,0
vOTU_410,0,0,0,0,0,0,0,0,0,0,1,82,0,0,0,0,0,0,0,0,0,0,0,0,0,0,0,0,0,0,0,0,0,0,0,0,0,0,0,0,0,0,0,0,0,0,0,0,0,0,0,163,0,0,0,1,0,0,0,0,0,0,0,0,0,6,0,0,0,0,0,0,0,0,0,0,0,0,0,0,0,0,0,0
vOTU_442,0,0,0,1,0,0,2,0,3,0,185,4,0,0,0,1,0,0,36,0,0,0,0,0,0,0,0,0,0,0,0,0,0,0,0,0,0,0,0,0,0,0,0,0,0,0,1,0,10,0,19,31,0,0,0,8,0,0,76,0,0,0,0,0,0,0,0,0,0,0,0,0,3,0,0,0,0,0,0,0,0,0,0,0
vOTU_448,1,0,0,0,5,0,0,0,0,0,0,2,2498,0,0,0,0,0,2,15,0,0,0,0,0,0,0,0,0,0,0,2,0,0,0,0,0,0,0,0,0,0,0,1,15,0,23,0,1,0,2,10,104,0,0,0,0,0,17,15,0,0,0,5,0,0,0,0,0,0,0,0,0,0,0,0,0,0,0,0,0,0,0,0
vOTU_471,0,0,0,2,0,0,0,0,0,0,153,0,0,0,0,0,0,0,6,0,0,0,0,0,0,0,0,0,0,0,0,0,0,0,0,0,0,0,0,0,0,0,0,0,0,0,0,0,0,0,1,0,0,0,0,0,0,0,25,1,0,0,0,0,0,0,0,0,0,0,0,0,0,0,0,0,0,0,0,0,0,0,0,0
vOTU_472,0,0,0,2,0,0,0,0,0,0,265,0,0,0,0,0,0,0,0,0,0,0,0,0,0,0,0,0,0,0,0,0,0,0,0,0,0,0,0,0,0,0,0,0,0,0,0,0,3,0,23,0,0,0,0,0,0,0,1,0,0,0,0,0,0,0,0,0,0,0,0,0,0,0,0,0,0,0,0,0,0,0,0,0
vOTU_481,0,0,0,0,0,0,1,0,3,1,215,5,0,0,0,1,0,0,37,0,0,0,0,0,0,0,0,0,0,0,0,0,0,0,0,0,0,0,0,0,0,0,0,0,0,0,0,1,7,0,11,47,0,0,0,5,0,0,65,0,0,0,0,0,0,0,0,0,0,0,0,0,0,0,0,0,0,0,0,0,0,0,0,0
vOTU_484,0,0,0,0,0,0,79,0,0,0,5,0,0,0,2,0,0,1,270,0,0,0,0,0,0,0,0,0,0,0,0,0,0,0,0,0,0,0,0,0,1,0,0,0,0,0,39,0,2,0,3,0,0,0,2,1,0,0,200,0,0,0,0,0,0,0,0,0,0,0,0,0,0,0,0,0,0,0,0,0,0,0,0,0
vOTU_486,0,0,0,0,0,0,6,0,27,0,18,1,0,0,4,0,0,0,110,0,0,0,0,0,0,0,0,0,0,0,0,0,0,0,0,0,0,0,0,0,0,0,0,0,0,0,2,0,48,0,1,0,1,0,0,1,0,0,167,0,0,0,0,0,0,0,0,0,0,0,0,0,0,0,0,0,0,0,0,0,0,0,1,0
vOTU_495,0,0,0,0,0,0,0,0,4,0,0,0,0,0,3,0,0,0,73,1,0,0,0,0,0,0,0,0,0,0,0,0,0,0,0,0,0,0,0,0,0,0,0,1,0,0,0,0,23,0,0,0,0,0,3,0,1,0,98,0,0,0,0,0,0,0,0,0,0,0,0,0,0,0,0,0,0,0,0,0,0,0,0,0
vOTU_497,0,0,0,2,0,0,3,0,2,2,121,0,8,13,15,24,3,7,9976,6,0,0,0,0,0,0,15,5,0,0,0,0,0,0,0,0,0,8,9,0,36,0,1,0,0,0,4,4,6,0,45,5,6,6,13,21,12,13,7185,8,2,0,0,30,0,3,0,0,0,0,0,4,7,0,0,0,0,0,0,0,0,0,10,3
vOTU_508,0,0,0,0,0,0,0,0,0,0,1,0,0,0,0,0,0,0,36,0,0,0,0,0,0,0,0,2,0,0,0,0,0,0,0,0,0,0,0,0,0,0,0,0,0,0,0,0,0,0,1,0,0,0,0,0,0,0,145,0,0,0,0,0,0,0,0,0,0,0,0,0,0,0,0,0,0,0,0,0,0,0,0,2
vOTU_521,9,0,4,11,3,25,99,2,2,6,1,1479,12612,8,6,78,5,13,35,1270,4,5,0,0,0,9,0,0,0,5,0,13,2,0,0,0,2,0,6,0,10,4,2,3,8,1,2730,4,13,6,4,108,3137,3,4,376,2,25,86,420,0,21,0,20,0,0,2,0,0,2,0,0,0,0,10,0,8,0,0,0,0,2,0,2
vOTU_542,0,0,0,2,0,0,54,2,0,1,65,0,272,2,0,44,0,0,1,56,0,2,0,0,0,3,0,0,0,0,0,0,0,0,0,0,2,0,0,0,3,0,3,4,3,2,3183,5,14,3,211,2,2650,2,2,421,2,3,3,7,1,0,0,0,0,0,2,0,0,0,0,0,0,0,0,0,0,0,0,0,0,7,0,0
vOTU_551,0,0,0,0,0,0,0,0,0,0,99,0,0,0,0,0,0,0,5,0,0,0,0,0,0,0,0,0,0,0,0,0,0,0,0,0,0,0,0,0,0,0,0,0,0,0,0,0,0,0,15,7,0,0,0,0,0,0,3,0,0,0,0,0,0,0,0,0,0,0,0,0,0,0,0,0,0,0,0,0,0,0,0,0
vOTU_570,0,0,0,0,0,0,31,0,296,1,18,0,4,3,55,2,1,2,1452,0,0,0,0,0,0,0,0,4,0,0,0,0,0,0,0,0,0,0,4,0,1,0,0,3,0,0,25,1,417,0,5,0,2,0,26,3,2,3,1027,1,0,0,0,9,0,0,0,0,0,0,0,0,4,0,0,0,0,0,2,0,0,0,3,2
vOTU_575,0,0,0,0,0,0,3,0,0,0,79,0,0,0,0,0,0,0,264,0,0,0,0,0,0,0,0,4,0,0,0,0,0,0,0,0,0,3,2,0,3,0,0,0,0,0,0,0,0,0,60,0,1,0,0,0,0,0,343,1,0,0,0,0,0,0,0,0,0,0,0,0,0,0,0,0,0,0,0,0,0,0,0,0
vOTU_585,1,0,2,8,0,1,4,3,2,4,1,1802,2,0,0,0,0,0,0,0,0,0,0,0,0,0,0,0,0,0,0,0,0,0,0,0,0,0,0,0,3,0,0,0,0,0,1,0,0,0,1,2342,1,1,0,6,0,3,0,2,0,46,0,0,0,0,0,0,0,0,0,0,0,0,0,0,0,0,0,0,0,0,0,0
vOTU_619,0,0,0,0,0,0,0,1,0,0,36,0,0,0,0,0,0,0,22,0,0,0,0,0,0,0,0,0,0,0,0,0,0,0,0,0,0,0,0,0,0,0,0,0,0,0,0,0,0,0,1,0,0,0,0,0,0,0,73,0,0,0,0,0,0,0,0,0,0,0,0,0,0,0,0,0,0,0,0,0,0,0,0,2
vOTU_621,0,0,0,0,0,0,4,0,0,0,2,0,8,0,0,0,0,0,151,0,0,0,0,0,0,0,0,0,0,0,0,0,0,0,0,0,0,0,0,0,0,0,0,0,0,0,1,0,1,0,4,0,0,0,2,1,0,0,140,0,0,0,0,0,0,0,0,0,0,0,0,0,0,0,0,0,0,0,0,0,0,0,3,0
vOTU_636,0,0,0,0,0,0,2,0,0,1,3,0,2,0,0,0,0,0,269,0,0,0,0,0,0,0,0,0,0,0,0,0,0,0,0,0,0,0,0,0,0,0,0,0,0,0,0,0,0,0,3,0,1,0,1,1,0,0,204,0,0,0,0,0,0,0,0,0,0,0,0,3,0,0,0,0,0,0,0,0,0,0,0,0
vOTU_660,106,0,0,0,0,2,7,1,8,1,467,110,0,0,0,4,0,0,10,3,0,0,0,0,0,0,0,0,2,0,0,0,0,0,0,0,0,0,0,4,0,0,0,1,1,0,4,0,39,0,55,12,1,0,3,9,0,0,13,2,0,0,0,0,0,0,0,0,0,0,0,0,0,0,0,0,0,0,0,0,0,0,0,4
vOTU_667,0,0,0,0,0,0,0,0,0,0,103,3,0,0,0,0,0,0,25,0,0,0,0,0,0,0,0,0,0,0,0,0,0,0,0,0,0,0,0,0,0,0,0,0,0,0,0,0,14,0,5,9,0,0,1,0,0,0,38,1,0,0,0,0,0,0,0,0,0,0,0,5,0,0,0,0,0,0,0,0,0,0,0,0
vOTU_697,0,0,0,1,0,0,0,1,2,1,140,2,0,0,0,0,0,0,20,0,0,0,0,0,0,0,0,0,0,0,0,0,0,0,0,0,0,0,0,0,0,0,0,2,0,0,0,1,11,0,17,16,0,0,0,0,0,0,42,1,0,0,0,0,0,0,0,0,0,0,0,0,0,0,0,0,0,0,0,0,0,0,0,0
vOTU_790,0,0,0,1,0,0,0,0,2,4,118,0,14,16,10,31,5,13,11749,13,0,0,0,0,0,0,51,17,0,0,0,0,0,0,0,0,0,12,30,0,31,0,0,0,0,0,0,3,4,0,57,4,11,9,11,26,14,15,9533,14,3,0,3,79,0,0,0,0,0,0,0,14,19,0,4,0,0,0,0,0,0,0,22,16
vOTU_814,0,0,0,1,0,0,0,0,0,0,420,25,0,0,0,0,0,0,0,0,0,0,0,0,0,0,0,0,0,0,0,0,0,0,0,0,0,0,0,0,0,0,0,0,0,0,0,0,4,0,99,5,0,0,0,0,0,0,1,0,0,0,3,0,0,0,0,0,0,0,0,0,0,7,0,0,0,0,0,0,0,0,0,0
vOTU_817,0,0,0,0,0,0,0,0,105,0,0,0,0,0,1,0,0,0,17,0,0,0,0,0,0,0,0,0,0,0,0,0,0,0,0,0,0,0,0,0,0,0,0,0,0,0,0,0,61,0,0,0,1,0,0,0,0,0,2,0,0,0,0,0,0,0,0,0,0,0,0,0,0,0,0,0,0,0,0,0,0,0,0,0
vOTU_863,1,0,1,0,0,1,1,0,1,1,134,4,0,0,0,0,0,0,25,0,0,0,0,0,0,0,0,0,0,0,0,0,0,0,0,0,0,4,0,0,0,0,1,0,0,0,0,0,13,0,9,15,0,0,0,0,0,0,48,2,0,0,0,0,0,0,0,0,0,0,0,0,0,0,0,0,0,0,0,0,0,0,0,0
vOTU_865,18,0,0,1,0,0,0,0,40,0,33,108,0,0,18,3,0,0,2,0,0,0,0,0,0,0,0,0,0,0,0,0,0,0,0,0,0,0,0,0,0,1,0,0,0,0,2,0,105,0,3,33,0,0,10,2,0,1,5,0,0,0,0,0,0,0,0,0,0,0,0,0,0,0,0,0,0,0,0,0,0,0,0,0
vOTU_892,0,0,0,1,0,1,0,1,0,0,256,4,0,0,0,0,0,0,24,0,0,0,0,0,0,0,0,0,0,0,0,0,0,0,0,0,0,0,0,0,0,0,0,0,0,0,0,2,0,0,9,4,0,0,0,0,0,0,15,0,0,0,0,0,0,0,0,0,0,0,0,0,0,0,0,0,0,0,0,0,0,0,0,0
vOTU_1022,0,0,1,0,0,0,1,0,0,0,389,0,0,0,0,0,0,0,30,0,0,0,0,0,0,0,0,0,0,0,0,0,0,0,0,0,0,0,0,0,0,0,0,0,1,0,0,0,0,0,24,0,0,0,0,0,0,0,41,0,0,0,0,4,0,0,0,0,0,0,0,0,0,0,0,0,0,0,0,0,0,0,0,0
vOTU_1104,0,0,0,0,0,0,46,0,0,0,2,0,0,0,0,0,0,0,130,0,0,0,0,0,0,0,0,0,0,0,0,0,0,0,0,0,0,0,0,0,0,0,0,0,0,0,28,0,2,0,0,0,0,0,0,0,0,0,81,0,0,0,0,0,0,0,0,0,0,0,0,0,0,0,0,0,0,0,0,0,0,0,0,2
vOTU_1110,0,0,0,0,0,0,1,0,115,0,0,0,0,0,1,0,0,0,36,0,0,0,0,0,0,0,0,0,0,0,0,0,0,0,0,0,0,0,0,0,0,0,0,0,1,0,4,0,43,0,4,0,0,0,1,0,0,0,15,0,0,0,0,0,0,0,0,0,0,0,0,0,0,0,0,0,0,0,0,0,0,0,0,0
vOTU_1122,1,0,0,0,0,0,0,3,0,0,113,0,0,0,0,0,0,0,3,0,0,0,0,0,0,0,0,0,0,0,0,0,0,0,0,0,0,0,0,0,0,0,0,0,0,0,0,0,2,1,12,1,0,0,0,0,0,0,5,0,0,0,0,0,0,0,0,0,0,0,0,0,0,0,0,0,0,0,0,0,0,0,0,0
vOTU_1205,0,0,0,0,0,0,1,0,0,1,64,0,0,0,0,0,0,0,14,0,0,0,0,0,0,0,0,0,0,0,0,0,0,0,0,0,0,0,0,0,0,0,0,0,0,0,1,0,0,0,7,1,0,0,0,0,0,0,35,0,0,0,0,0,0,0,0,0,0,0,0,0,0,0,0,0,0,0,0,0,0,0,0,0
vOTU_1211,0,0,0,0,0,0,7,0,3,1,37,0,5,7,15,2,2,3,5160,2,0,0,0,0,0,0,0,3,0,0,0,0,0,0,0,0,0,5,9,0,19,0,0,0,0,0,7,2,4,0,27,3,3,3,6,12,6,10,3354,6,2,0,0,34,0,0,0,0,0,0,0,10,11,0,0,0,0,0,0,0,0,0,9,2
vOTU_1224,19,0,4,1,6,20,12,9,5,7,1,2567,243,12,8,23,5,45,3078,1807,0,0,0,0,0,0,15,6,0,4,0,0,0,0,0,0,0,2,6,0,21,1,0,0,5,0,126,2,15,1,10,92,106,6,11,79,8,89,3598,596,3,160,0,47,0,0,0,0,0,0,0,7,33,0,21,0,0,0,2,0,0,0,11,7
vOTU_1263,0,0,0,0,0,0,1,1,0,0,93,0,0,0,0,0,0,0,29,0,0,0,0,0,0,0,0,0,0,0,0,0,0,0,0,0,0,0,0,0,0,0,0,0,0,0,0,0,0,0,11,0,0,0,0,0,0,0,51,0,0,0,0,0,0,0,0,0,0,0,0,0,0,0,0,0,0,0,0,0,0,0,0,0
vOTU_1270,6,0,0,0,1,0,0,1,1,1,285,1,0,0,0,0,1,0,3,0,0,0,0,0,0,0,0,0,0,0,0,0,0,0,0,0,0,0,0,0,0,0,0,0,0,0,0,0,3,0,15,1,0,0,0,0,0,0,2,0,0,0,7,0,0,0,0,0,0,0,0,0,0,4,0,0,0,0,0,0,0,0,0,0
vOTU_1391,0,0,0,0,0,0,0,0,0,0,112,0,0,0,0,0,0,0,3,0,0,0,0,0,0,0,0,0,0,0,0,0,0,0,0,0,0,0,0,0,0,0,0,0,0,0,0,0,1,0,9,6,0,0,0,0,0,0,3,0,0,0,0,0,0,0,0,0,0,0,0,0,0,0,0,0,0,0,0,0,0,0,0,0
vOTU_1455,0,0,0,0,0,0,3,0,22,0,13,1,0,0,3,0,0,1,84,0,0,0,0,0,0,0,0,0,0,0,0,0,0,0,0,0,0,0,0,0,0,0,0,0,0,0,0,0,44,0,2,1,0,0,1,3,0,0,171,0,0,0,0,0,0,0,0,0,0,0,0,0,0,0,0,0,0,0,0,0,0,0,5,0
vOTU_1521,0,0,0,0,0,0,4,0,0,0,8,0,4,0,0,2,0,0,121,1,0,0,0,0,0,0,0,0,0,0,0,0,0,0,0,0,0,0,0,0,0,0,0,0,0,0,1,0,0,0,2,0,0,0,1,1,0,0,102,0,0,0,0,0,0,0,0,0,0,0,0,0,0,0,0,0,0,0,0,0,0,0,0,0
vOTU_1627,0,0,0,0,0,0,0,0,4,0,107,0,0,0,0,4,0,0,18,0,0,0,0,0,0,0,0,0,0,0,0,0,0,0,0,0,0,0,0,0,0,0,0,0,0,0,0,0,25,0,11,2,0,0,1,1,0,0,29,0,0,0,0,0,0,0,0,0,0,0,0,0,0,0,0,0,0,0,0,0,0,0,0,0
vOTU_1656,0,0,0,0,0,0,1,0,0,0,4,0,2,0,1,0,1,0,168,0,0,0,0,0,0,0,0,0,0,0,0,0,0,0,0,0,0,0,0,0,0,0,0,0,0,0,1,0,0,0,0,0,1,0,1,2,1,0,133,0,0,0,0,0,0,0,0,0,0,0,0,0,0,0,0,0,0,0,0,0,0,0,0,0
vOTU_1696,17,0,3,1,13,19,11,5,6,7,3,2346,53,18,17,57,9,458,4153,1707,0,0,0,0,0,0,9,6,0,4,0,0,0,0,0,0,0,30,20,0,33,2,0,0,30,1,64,5,10,0,4,86,37,11,24,248,17,891,2960,508,3,72,0,106,0,0,0,0,0,0,0,4,19,0,29,0,0,0,0,0,0,0,20,19
vOTU_1717,0,0,0,0,0,0,2,0,7,0,11,1,0,0,2,0,0,0,44,0,0,0,0,0,0,0,0,0,0,0,0,0,0,0,0,0,0,0,0,0,0,0,0,0,0,0,3,1,16,0,0,0,0,0,1,0,0,0,84,1,0,0,0,0,0,0,0,0,0,0,0,0,0,0,0,0,0,0,0,0,0,0,0,0
vOTU_1732,0,0,0,0,0,0,2,1,2,3,0,236,0,0,0,0,3,0,0,0,0,0,0,0,0,0,0,0,0,0,0,0,0,0,0,0,0,0,0,0,0,0,0,0,0,0,0,0,6,0,0,27,0,0,0,0,0,0,0,0,0,0,0,0,0,0,0,0,0,0,0,0,0,0,0,0,0,0,0,0,0,0,0,0
vOTU_1837,0,0,0,0,0,0,2,1,2,0,187,3,0,0,1,0,1,0,7,0,0,0,0,0,0,0,0,0,0,0,0,0,0,0,0,0,0,0,0,0,0,0,0,1,0,0,5,0,12,0,17,5,0,0,0,3,0,0,14,0,0,0,0,0,0,0,0,0,0,0,0,0,0,0,0,0,0,0,0,0,0,0,0,0
vOTU_1860,126,0,0,0,0,1,3,1,33,0,202,86,0,0,0,2,0,0,12,1,0,0,0,0,0,0,0,0,0,0,0,0,0,0,0,0,0,0,0,0,0,0,0,0,0,1,5,0,88,0,35,19,0,0,9,3,0,0,15,0,0,0,0,0,0,0,0,0,0,0,0,0,0,0,0,0,0,0,0,0,0,0,0,0
vOTU_1867,0,0,0,0,0,0,0,0,4,0,65,0,0,0,0,0,0,0,38,0,0,0,0,0,0,0,0,0,0,0,0,0,0,0,0,0,0,0,0,0,0,0,0,0,0,0,1,0,9,0,14,1,0,0,0,2,0,0,61,0,0,0,0,0,0,0,0,0,0,0,0,0,0,0,0,0,0,0,0,0,0,0,0,0
vOTU_1868,0,0,0,0,0,0,0,0,0,0,50,0,0,0,0,0,0,0,15,0,0,0,0,0,0,0,0,0,0,0,0,0,0,0,0,0,0,0,0,0,0,0,0,0,0,0,0,0,0,0,1,0,0,0,0,0,0,0,73,0,0,0,0,0,0,0,0,0,0,0,0,0,0,0,0,0,0,0,0,0,0,0,0,0
vOTU_1877,0,0,0,0,0,0,0,0,0,0,68,0,0,0,1,0,0,0,21,0,0,0,0,0,0,0,0,0,0,0,0,0,0,0,0,0,0,0,0,0,0,0,0,0,0,0,0,0,0,0,1,0,0,0,0,0,0,1,42,0,0,0,0,0,0,0,0,0,0,0,0,0,0,0,0,0,0,0,0,0,0,0,0,0
vOTU_1941,85,0,1,2,1,2,13,0,51,2,191,266,0,0,2,2,0,0,22,3,0,0,0,0,0,0,0,0,0,0,0,0,0,0,0,0,0,0,0,0,0,1,0,0,2,0,31,0,123,1,41,40,3,0,31,58,0,1,18,1,0,0,0,0,0,0,0,0,0,0,0,0,0,0,0,0,0,0,0,0,0,0,0,0
vOTU_1945,0,0,0,0,0,0,0,0,69,0,0,0,0,0,5,0,0,0,0,0,0,0,0,0,0,0,0,0,0,0,0,0,0,0,0,0,0,0,0,0,0,0,0,0,0,0,0,0,292,0,0,0,0,0,3,0,0,0,0,0,0,0,0,0,0,0,0,0,0,0,0,0,0,0,0,0,0,0,0,0,0,0,0,0
vOTU_1955,0,0,1,3,0,0,2,1,0,0,359,3,0,0,0,0,1,0,29,0,0,0,0,0,0,0,0,0,0,0,0,0,0,0,0,0,0,0,0,0,0,0,0,0,0,0,0,1,1,0,12,0,0,0,1,0,0,0,24,1,0,0,0,0,0,0,0,0,0,0,0,0,0,9,0,0,0,0,0,0,0,0,0,0
vOTU_2182,0,0,0,0,0,0,0,0,0,0,24,0,0,1,0,0,0,1,183,0,0,0,0,0,0,0,0,0,0,0,0,0,0,0,0,0,0,0,7,0,2,0,0,0,0,0,0,0,0,0,3,0,0,0,0,1,0,0,234,0,1,0,0,0,0,0,0,0,0,0,0,0,7,0,0,0,0,0,0,0,0,0,0,0
vOTU_2270,0,0,1,11,0,1,1,2,2,4,1453,1,0,0,0,0,0,0,43,0,0,0,0,0,0,0,0,0,0,0,0,0,0,0,0,0,0,0,0,0,0,0,0,1,1,1,0,0,1,1,243,0,0,0,0,0,0,0,52,0,0,0,5,5,0,0,0,0,0,0,0,0,0,0,0,0,0,0,0,0,0,0,0,0
vOTU_2274,2,0,1,0,0,1,2,0,22,0,144,28,0,0,3,6,0,1,54,5,0,0,0,0,0,0,0,0,4,0,0,0,0,0,0,0,0,0,0,0,0,0,0,0,0,0,10,0,10,0,13,6,0,0,10,1,0,0,17,0,0,0,0,0,0,0,0,0,0,0,0,0,0,0,0,0,0,0,0,0,0,0,0,0
vOTU_2496,16,0,1,2,0,5,11,0,39,2,486,69,0,0,5,36,0,0,55,4,0,0,0,0,0,0,0,0,0,0,0,0,0,0,0,0,0,0,0,6,0,1,1,0,0,0,67,2,96,0,41,21,3,1,14,176,1,1,29,8,0,0,5,0,0,0,0,0,0,0,0,0,0,0,0,0,0,0,0,0,0,0,0,0
vOTU_2595,10,0,1,0,13,5,27,4,1,14,1,732,3317,14,9,258,5,17,1801,1415,0,0,0,0,0,6,10,0,0,0,0,0,0,0,0,0,0,6,20,0,18,2,0,3,37,1,855,1,3,7,1,36,847,11,15,1653,9,20,1492,472,1,0,0,62,0,0,0,0,0,0,0,18,7,0,0,0,2,0,0,0,0,0,9,6
vOTU_2619,0,0,0,0,0,0,0,0,0,0,1,0,0,0,0,2,0,0,203,0,0,0,0,0,0,0,0,0,0,0,0,0,0,0,0,0,0,0,0,0,0,0,0,0,0,0,0,0,0,0,0,0,0,0,0,0,0,0,139,0,0,0,0,6,0,0,0,0,0,0,0,0,0,0,0,0,0,0,0,0,0,0,0,0
vOTU_2681,0,0,0,0,0,0,0,0,87,2,0,0,0,0,6,0,0,0,0,0,0,0,0,0,0,0,0,0,0,0,0,0,0,0,0,0,0,0,0,0,0,0,0,0,0,1,2,0,394,0,1,0,0,0,7,0,0,0,0,0,0,0,0,0,0,0,0,0,0,0,0,0,0,0,0,0,0,0,0,0,0,0,0,0
vOTU_2711,0,0,0,5,0,0,0,0,0,0,248,0,0,0,0,0,0,0,73,0,0,0,0,0,0,0,0,0,0,0,0,0,0,0,0,0,0,0,0,0,0,2,0,0,0,0,0,0,0,2,19,0,0,0,0,0,0,0,38,0,0,0,0,0,0,0,0,0,0,0,0,0,0,0,0,0,0,0,0,0,0,0,0,0
vOTU_2714,0,0,0,0,0,0,0,0,0,0,0,0,0,0,0,0,0,0,38,0,0,0,0,0,0,0,0,4,0,0,0,0,0,0,0,0,0,0,0,0,0,0,0,0,0,0,0,0,0,0,0,1,0,0,0,1,0,0,205,0,0,0,0,0,0,0,0,0,0,0,0,0,0,0,0,0,0,0,0,0,0,0,0,0
vOTU_2722,0,0,0,0,0,0,13,1,186,1,17,0,3,1,47,7,1,0,1891,2,0,0,0,0,0,0,0,0,0,0,0,0,0,0,0,0,0,0,0,0,8,0,1,0,0,0,13,2,303,0,10,1,2,0,22,10,2,1,1418,2,0,0,0,0,0,0,0,0,0,0,0,9,7,0,0,0,0,0,0,0,0,0,3,6
vOTU_2736,14,0,0,0,1,13,0,0,16,27,2,28,95,110,78,226,31,62,27343,226,0,0,0,0,0,0,153,53,0,0,0,0,0,0,0,0,0,82,131,0,148,0,0,0,3,0,54,34,19,1,8,32,70,48,42,302,92,119,18310,104,17,0,0,561,0,0,0,0,0,0,0,73,164,0,0,0,0,0,0,0,3,0,144,48
vOTU_2780,0,0,0,0,0,0,1,0,0,0,73,0,0,0,0,0,0,0,22,0,0,0,0,0,0,0,0,0,0,0,0,0,0,0,0,0,0,0,0,0,0,0,0,0,0,0,1,0,0,0,7,0,0,0,0,0,0,0,27,0,0,0,0,0,0,0,0,0,0,0,0,0,0,0,0,0,0,0,0,0,0,0,0,0
vOTU_2785,0,0,0,3,0,0,0,0,1,0,70,1,0,0,0,0,0,0,22,0,0,0,0,0,0,0,0,0,0,0,0,0,0,0,0,0,0,0,0,0,0,0,0,0,0,0,0,0,6,0,13,13,0,0,0,0,0,0,54,0,0,0,0,0,0,0,0,0,0,0,0,0,0,0,0,0,0,0,0,0,0,0,0,0
vOTU_2865,87,0,0,0,0,3,10,1,44,1,184,232,2,0,5,2,1,0,23,4,0,0,0,0,0,0,0,0,0,0,0,0,0,0,0,0,0,0,0,0,0,0,0,0,1,0,29,1,127,1,34,40,1,0,31,48,0,1,22,2,0,0,0,0,0,0,0,0,0,0,0,0,0,0,0,0,0,2,0,0,0,0,0,0
vOTU_2869,0,0,0,0,0,0,0,0,0,0,9,0,0,0,0,0,0,0,8,0,0,0,0,0,0,0,0,0,0,0,0,0,0,0,0,0,0,0,0,0,0,0,0,0,0,0,0,0,0,0,1,0,0,0,0,0,0,0,61,0,0,0,0,0,0,0,0,0,0,0,0,0,0,0,0,0,0,0,0,0,0,0,0,0
vOTU_2918,0,0,0,2,0,0,0,0,0,0,179,0,0,0,0,2,0,0,80,0,0,0,0,0,0,0,0,0,0,0,0,0,0,0,0,0,0,0,0,0,0,0,0,0,0,0,0,0,0,0,17,0,0,0,0,0,0,0,33,0,0,0,0,0,0,0,0,0,0,0,0,0,0,0,0,0,0,0,0,0,0,0,0,0
vOTU_2937,0,0,0,0,0,0,0,0,0,0,0,164,0,0,0,0,0,0,0,0,0,0,0,0,0,0,0,0,0,0,0,0,0,0,0,0,0,0,0,0,0,0,0,0,0,0,0,0,0,0,0,30,0,0,0,0,0,0,0,0,0,0,0,0,0,0,0,0,0,0,0,0,0,0,0,0,0,0,0,0,0,0,0,0
vOTU_2941,0,0,2,2,0,0,1,5,2,2,1216,1,0,0,0,0,0,0,0,0,0,0,0,0,0,0,0,0,0,0,0,0,0,0,0,0,0,0,0,0,0,0,0,0,0,0,0,0,0,1,204,0,0,0,0,0,0,0,0,1,0,0,0,6,0,0,0,0,0,0,0,0,0,0,0,0,0,0,0,0,0,0,0,0
vOTU_2945,12,0,5,12,6,35,71,1,2,3,1,1886,12419,11,2,80,4,18,49,1453,0,5,0,0,0,0,0,0,0,5,0,5,3,0,0,0,0,0,4,0,8,8,1,5,10,2,2781,1,12,4,5,117,3144,3,6,323,6,29,91,466,2,44,0,18,0,7,7,0,0,4,0,0,0,0,0,0,19,0,0,0,0,0,0,3
vOTU_2979,12046,4,1,2,0,558,9,4,24,2,0,3,28,2,1,2,1,24,122,529,0,0,0,0,0,0,0,4,0,16,0,0,0,0,6,0,0,0,4,0,43,0,1,0,2,4,196,9,498,1,4,6,114,0,2,41,1,31,133,211,2,177,40,0,0,0,0,0,0,0,0,0,0,0,22,0,19,10,63,53,61,56,31,52
vOTU_2980,12066,6,1,2,0,563,7,0,19,3,0,6,31,1,0,7,2,21,114,528,0,0,0,8,0,0,0,4,0,5,0,0,0,0,6,0,0,0,0,0,43,0,1,0,0,7,195,5,545,0,2,2,121,1,3,38,1,22,117,243,1,221,30,0,0,0,0,0,0,0,0,0,0,0,29,0,31,8,33,42,35,46,18,49
vOTU_2986,0,0,1,2,0,0,56,0,2,1,66,0,295,0,0,58,0,1,1,61,0,5,0,0,0,6,0,0,0,0,0,0,3,0,0,0,0,0,0,0,0,2,3,0,3,3,3279,4,15,3,215,1,2739,4,4,484,2,3,2,11,0,0,0,0,0,0,0,0,0,0,13,0,0,0,0,0,0,0,0,0,0,15,0,0
vOTU_2987,22,0,1,0,217,10,9,0,0,3,0,141,197,3,3,47,7,11,42,3140,0,0,0,0,0,0,0,8,4,0,0,0,0,0,6,0,0,0,0,0,3,4,0,0,611,0,157,0,2,0,1,11,99,1,23,166,0,20,55,1073,0,0,0,6,0,0,0,0,0,0,0,0,8,0,0,0,0,0,0,0,0,0,0,7
vOTU_2998,21,1,0,0,233,10,6,0,1,0,0,103,145,1,1,22,6,13,32,3149,0,0,0,0,0,0,0,4,0,0,0,0,0,0,0,0,0,0,4,0,8,1,1,3,634,1,130,0,1,1,0,8,79,1,31,98,0,30,47,1015,0,0,0,6,0,0,0,5,0,0,0,0,8,0,0,0,0,2,0,0,0,0,0,0
vOTU_3016,20,0,0,2,0,0,0,0,23,0,45,66,0,0,13,2,0,0,5,0,0,0,0,0,0,0,0,0,0,0,0,0,0,0,0,0,0,0,0,0,0,1,0,0,0,0,0,0,74,0,5,24,0,0,5,4,0,0,5,0,0,0,0,0,0,0,0,0,0,0,0,0,0,0,0,0,0,0,0,0,0,0,0,0
vOTU_3026,7,0,0,0,0,0,5,0,0,0,47,0,13,0,0,18,0,0,1,1242,0,0,0,0,0,0,0,0,0,0,0,0,0,0,0,0,0,0,0,0,0,0,0,1,7,1,322,1,9,0,120,1,214,1,1,86,0,1,1,157,0,0,0,0,0,0,0,0,0,0,0,0,0,0,0,0,0,0,0,0,0,0,0,0
vOTU_3039,10,1,21,50,18,52,46,41,13,26,5,10915,1847,0,0,14,1,11,13,697,0,0,0,0,0,0,0,0,0,32,0,0,0,0,0,0,4,0,0,0,30,2,1,1,8,1,602,1,7,0,13,591,524,1,4,236,0,21,72,197,1,400,0,0,0,0,0,0,0,0,0,0,0,0,51,0,0,1,0,0,0,0,0,7
vOTU_3040,1,0,0,0,0,0,15,0,2,0,156,0,103,0,0,36,0,0,1,191,0,0,0,0,0,0,0,0,0,0,0,0,0,0,0,0,0,0,0,0,0,1,0,1,7,1,1141,1,27,0,521,1,877,2,6,313,1,2,4,20,0,0,0,0,0,0,0,0,0,0,6,0,0,0,0,0,0,0,0,0,0,0,0,0
vOTU_3042,1,0,0,4,2,0,18,0,1,1,147,0,96,2,0,36,0,0,1,171,0,0,0,0,0,0,0,0,4,0,0,0,0,0,0,0,0,0,0,0,0,0,0,6,6,1,1175,2,25,1,568,1,933,1,4,333,2,0,4,25,0,0,0,0,0,0,0,0,0,0,0,0,0,0,7,0,0,0,0,0,0,5,0,0
vOTU_3056,25,0,0,4,51,8,6,0,0,1,0,112,98,7,8,63,9,14,68,4944,0,0,0,0,0,0,0,0,0,0,0,0,0,0,0,0,0,0,4,0,11,2,0,1,141,0,162,0,7,1,2,4,96,1,310,300,0,40,80,1551,1,0,0,18,0,0,0,0,0,0,0,0,0,0,0,0,0,2,3,0,0,0,0,16
vOTU_3057,1,0,0,0,0,0,19,1,0,4,68,0,121,2,1,158,0,1,1,74,0,0,0,0,0,0,0,0,0,0,0,0,3,0,0,0,0,0,0,0,0,1,2,1,1,0,1590,2,12,1,223,3,1172,1,4,946,1,0,3,8,0,0,0,0,0,0,0,0,0,0,0,0,0,0,0,0,0,0,0,0,0,0,0,0
vOTU_3063,0,0,0,0,0,0,2,0,3,0,1,0,0,0,0,0,0,0,32,0,0,0,0,0,0,0,0,0,0,0,0,0,0,0,0,0,0,0,0,0,0,0,0,0,0,0,1,0,33,0,0,1,0,0,0,0,0,0,77,0,0,0,0,0,0,0,0,0,0,0,0,0,0,0,0,0,0,0,0,0,0,0,0,0
vOTU_3064,0,0,0,0,0,1,26,0,242,1,12,0,8,1,44,2,1,1,1541,1,0,0,0,0,0,0,11,0,0,0,0,0,0,0,0,0,0,7,4,0,5,0,0,0,0,0,13,3,333,0,6,0,2,1,15,4,0,2,967,0,0,0,0,6,0,0,0,0,0,0,0,0,0,0,0,0,0,0,0,0,0,0,6,0
vOTU_3201,0,0,0,0,0,0,40,0,0,1,1,0,0,0,1,0,0,0,116,0,0,0,0,0,0,0,0,0,0,0,0,0,0,0,0,0,0,0,0,0,0,0,0,0,0,0,25,0,1,0,0,0,0,1,0,0,0,0,72,0,0,0,0,0,0,0,0,0,0,0,0,0,0,0,0,0,0,0,0,0,0,0,0,0
vOTU_3263,0,0,0,0,0,0,0,0,0,0,1,0,0,0,0,2,0,0,212,0,0,0,0,0,0,0,0,0,0,0,0,0,0,0,0,0,0,0,0,0,0,0,0,0,0,0,0,0,0,0,0,0,0,0,0,0,0,1,145,0,0,0,0,0,0,0,0,0,0,0,0,0,0,0,0,0,0,0,0,0,0,0,0,0
vOTU_3310,0,0,0,0,0,0,13,0,0,0,6,0,48,0,2,0,0,1,175,0,0,0,0,0,0,0,0,0,0,0,0,0,0,0,0,0,0,0,0,0,0,0,0,0,0,0,2,0,0,0,1,2,2,0,4,0,0,0,160,0,0,0,0,0,0,0,0,0,0,0,0,0,0,0,0,0,0,0,0,0,0,0,0,0
vOTU_3320,26,0,0,0,0,20,1,0,18,17,2,4,103,119,71,239,38,66,28552,207,0,0,0,0,0,0,186,53,0,0,0,0,0,0,0,0,0,85,90,0,199,0,0,0,2,0,48,38,18,1,4,29,71,61,46,309,79,129,19172,88,16,0,0,530,0,0,0,0,0,0,0,152,160,0,0,0,0,0,0,0,0,0,177,51
vOTU_3340,0,0,0,0,0,0,0,0,2,0,215,14,0,0,0,0,0,0,45,0,0,0,0,0,0,0,0,0,0,0,0,0,0,0,0,0,0,0,0,0,0,0,0,0,0,0,0,0,6,0,17,2,0,0,0,0,0,0,12,0,0,0,0,0,0,0,0,0,0,0,0,0,0,0,0,0,0,0,0,0,0,0,0,0
vOTU_3341,0,0,1,0,0,0,0,0,4,0,176,12,0,0,0,0,0,0,32,0,0,0,0,0,0,0,0,0,0,0,0,0,0,0,0,0,0,0,0,0,0,0,0,0,0,0,0,0,9,0,21,1,0,0,0,0,0,0,10,0,0,0,0,0,0,0,0,0,0,0,0,0,0,0,0,0,0,0,0,0,0,0,0,0
vOTU_3348,5,0,0,0,0,0,12,0,38,0,95,54,0,0,7,0,0,0,70,18,0,0,0,0,0,0,0,0,0,0,0,0,0,0,0,0,0,0,0,0,0,0,0,0,0,0,67,0,32,0,2,11,1,0,22,18,0,0,70,0,0,0,0,0,0,0,0,0,0,0,0,0,0,0,0,0,0,0,0,0,0,0,0,0
vOTU_3414,1,0,0,0,2,1,1,0,30,0,259,37,0,0,4,0,0,1,54,0,0,0,0,0,0,0,0,0,0,0,0,0,0,0,0,0,0,0,0,0,0,0,0,0,0,0,2,0,8,0,29,4,0,0,4,1,0,0,27,0,0,0,11,0,0,0,0,0,0,0,0,0,0,0,0,0,0,0,0,0,0,0,0,0
vOTU_3424,0,0,0,4,0,0,1,0,2,0,148,28,0,0,0,0,0,0,26,0,0,0,0,0,0,0,0,0,0,0,0,0,0,0,0,0,0,0,0,0,0,0,0,0,0,0,0,0,13,0,21,1,0,0,0,0,0,0,8,0,0,0,0,0,0,0,0,0,0,0,0,0,0,0,0,0,0,0,0,0,0,0,0,0
vOTU_3472,0,0,0,0,0,0,0,0,0,0,72,0,0,0,0,0,0,0,0,0,0,0,0,0,0,0,0,0,0,0,0,0,0,0,0,0,0,0,0,0,0,0,0,0,0,0,0,0,0,0,0,0,0,0,0,0,0,0,0,0,0,0,0,0,0,0,0,0,0,0,0,0,0,0,0,0,0,0,0,0,0,0,0,0
vOTU_3492,59,0,0,0,3,2,6,0,33,1,596,157,0,0,3,5,0,0,81,1,0,0,0,0,0,0,0,0,0,0,0,0,0,0,0,0,0,0,0,0,0,0,0,0,2,0,17,1,102,1,91,44,0,0,22,13,0,0,98,1,0,0,0,0,0,0,0,0,0,0,0,0,0,0,0,0,0,0,0,0,0,0,0,0
vOTU_3503,22,0,0,0,0,0,0,0,24,0,29,110,0,0,19,5,0,2,3,0,0,0,0,0,0,0,0,0,0,0,0,0,0,0,0,0,0,0,0,0,0,0,0,0,0,0,1,0,93,0,1,32,0,0,12,1,0,0,6,0,0,0,0,0,0,0,0,0,0,0,0,0,0,0,0,0,0,0,0,0,0,0,0,0
vOTU_3515,0,0,1,0,1,0,0,4,2,0,1009,12,0,0,0,0,0,0,197,1,0,0,0,0,0,0,0,4,0,0,0,0,0,0,0,0,0,0,0,0,0,0,0,0,0,1,0,0,0,0,190,1,0,0,0,0,0,0,236,1,0,0,0,0,0,0,0,0,0,0,0,0,0,0,0,0,0,0,0,0,0,0,0,0
vOTU_3546,1,0,0,0,0,0,0,0,0,0,42,7,0,0,0,0,0,0,19,0,0,0,0,0,0,0,0,0,0,0,0,0,0,0,0,0,0,0,0,0,0,0,0,0,0,0,0,0,0,0,0,1,0,0,0,1,0,0,40,0,0,0,0,0,0,0,0,0,0,0,0,0,0,0,0,0,0,0,0,0,0,0,0,0
vOTU_3547,0,0,0,0,0,0,0,0,0,0,41,6,0,0,0,0,0,0,19,0,0,0,0,0,0,0,0,0,0,0,0,0,0,0,0,0,0,0,0,0,0,0,0,0,0,0,1,0,0,0,0,3,0,0,0,0,0,0,49,0,0,0,0,0,0,0,0,0,0,0,0,0,0,0,0,0,0,0,0,0,0,0,0,0
vOTU_3558,0,0,0,0,0,0,1,0,0,0,128,1,0,0,0,0,0,0,2,0,0,0,0,0,0,0,0,0,0,0,0,0,0,0,0,0,0,0,0,0,0,0,0,0,0,0,2,0,0,0,9,0,0,0,0,0,0,0,3,0,0,0,0,0,0,0,0,0,0,0,0,0,0,0,0,0,0,0,0,0,0,0,0,0
vOTU_3565,10,0,0,0,0,0,74,0,16,0,23,9,0,0,11,39,0,0,3,20,0,0,0,0,0,0,0,0,0,0,0,0,0,0,0,0,0,0,0,0,0,2,0,0,0,0,440,0,77,0,1,5,0,0,1,90,0,2,5,0,0,0,0,0,0,0,0,0,0,0,0,0,0,0,0,0,0,0,0,0,0,0,0,0
vOTU_3581,1562,0,1,4,2,1207,31,1,6,0,2,34,252,0,0,22,0,15,65,504,0,0,0,0,0,0,0,0,0,0,0,0,0,0,13,0,0,0,0,0,12,2,1,1,2,13,1578,1,101,0,1,4,1103,2,3,160,1,15,65,181,0,48,0,0,0,0,0,0,0,0,0,0,0,0,0,0,5,1,7,8,24,22,3,14
vOTU_3598,3,0,1,0,0,0,2,0,20,0,238,57,0,0,0,2,0,0,27,0,0,0,0,0,0,0,0,0,0,0,0,0,0,0,0,0,0,0,0,0,0,0,0,0,0,0,2,0,14,0,14,12,0,0,3,33,0,0,16,0,0,0,0,0,0,0,0,0,0,0,0,0,0,0,0,0,0,0,0,0,0,0,0,0
vOTU_3600,19,0,0,0,0,0,0,0,36,0,35,79,0,0,14,5,0,0,3,0,0,0,0,0,0,0,0,0,0,0,0,0,0,0,0,0,0,0,0,0,0,0,0,0,0,0,3,0,87,0,2,31,0,0,11,1,0,0,7,0,0,0,0,0,0,0,0,0,0,0,0,0,0,0,0,0,0,0,0,0,0,0,0,0
vOTU_3619,0,0,0,0,0,0,2,0,18,0,38,0,3,0,4,0,0,0,12,0,0,0,0,0,0,0,0,0,0,0,0,0,0,0,0,0,0,0,0,0,0,0,0,0,0,0,1,0,31,0,1,0,0,0,1,0,0,0,27,0,0,0,0,0,0,0,0,0,0,0,0,0,0,0,0,0,0,0,0,0,0,0,0,0
vOTU_3623,149,0,1,2,1,0,5,0,52,2,698,267,0,0,3,5,0,0,95,1,0,0,0,0,0,0,0,4,0,0,0,0,0,0,0,0,0,0,0,0,0,0,0,0,0,0,16,2,142,0,130,73,0,0,8,29,0,1,139,2,0,0,0,0,0,0,0,0,0,0,0,0,0,0,0,0,0,0,0,0,0,0,0,0
vOTU_3671,1,0,0,0,0,0,0,0,1,0,146,3,2,0,2,5,0,0,6,2,0,0,0,0,0,0,0,0,0,0,0,0,0,0,0,0,0,0,0,0,0,0,0,0,0,0,4,0,2,0,5,0,0,0,0,1,0,0,2,0,0,0,11,0,0,0,0,0,0,0,0,0,0,0,0,0,0,0,0,0,0,0,0,0
vOTU_3675,1,0,0,0,0,0,0,0,0,0,33,4,0,0,0,0,0,0,22,0,0,0,0,0,0,0,0,0,0,0,0,0,0,0,0,0,0,0,0,0,0,0,0,0,0,0,0,0,0,0,0,2,0,0,0,0,0,0,36,0,0,0,0,0,0,0,0,0,0,0,0,0,0,0,0,0,0,0,0,0,0,0,0,0
vOTU_3710,197,0,0,0,0,2,2,0,53,0,146,124,0,0,1,2,0,0,13,0,0,0,0,0,0,0,0,0,0,0,0,0,0,0,0,0,0,0,0,0,0,0,0,0,0,0,7,0,141,0,52,21,0,1,17,6,0,0,27,0,0,0,0,0,0,0,0,0,0,0,0,0,0,0,0,0,0,0,0,0,0,0,0,0
vOTU_3714,0,0,0,0,0,0,0,0,0,2,56,0,0,0,0,0,0,0,25,0,0,0,0,0,0,0,0,0,0,0,0,0,0,0,0,0,0,0,0,0,0,0,0,0,0,0,0,0,1,0,1,0,0,0,0,0,0,0,29,0,0,0,0,0,0,0,0,0,0,0,0,0,0,0,0,0,0,0,0,0,0,0,0,4
vOTU_3727,0,0,0,0,0,0,0,0,0,0,110,0,0,0,0,0,0,0,5,0,0,0,0,0,0,0,0,0,0,0,0,0,0,0,0,0,0,0,0,0,0,0,0,0,0,0,0,0,0,0,4,0,0,0,0,0,0,1,48,0,0,0,0,0,0,0,0,0,0,0,0,0,0,0,0,0,0,0,0,0,0,0,0,0
vOTU_3755,0,0,0,4,0,0,0,0,0,0,60,0,0,0,0,0,0,0,0,0,0,0,0,0,0,0,0,0,0,0,0,0,0,0,0,0,0,0,0,0,0,0,0,0,0,0,0,0,0,0,0,0,0,0,0,0,0,0,0,0,0,0,0,0,0,0,0,0,0,0,0,0,0,0,0,0,0,0,0,0,0,0,0,0
vOTU_3780,0,0,0,0,0,0,0,0,0,0,109,0,0,0,0,0,0,0,0,0,0,0,0,0,0,0,0,0,0,0,0,0,0,0,0,0,0,0,0,0,0,0,0,0,0,0,0,0,0,0,0,0,0,0,0,0,0,0,0,0,0,0,0,0,0,0,0,0,0,0,0,0,0,0,0,0,0,0,0,0,0,0,0,0
vOTU_3798,7,51,37,6,2,5,14,5,725,4,0,11,1,2,702,10,31,12,21,3438,0,0,0,9,0,0,0,4,10,96,0,0,84,54,0,0,0,4,18,0,6,41,2,14,7,13,213,50,5775,4,13,31,10,0,790,105,1,16,103,434,0,0,0,33,0,0,8,0,0,9,0,0,26,0,0,0,3,0,0,0,0,0,110,11
vOTU_3810,1,0,1,0,0,0,0,0,26,0,149,38,0,0,3,0,0,0,39,0,0,0,0,0,0,0,0,0,0,0,0,0,0,0,0,0,0,0,0,0,0,0,0,0,0,0,5,0,11,0,11,2,0,0,9,1,0,0,17,0,0,0,0,0,0,0,0,0,0,0,0,0,0,0,0,0,0,0,0,0,0,0,0,0
vOTU_3815,37,0,0,0,0,0,1,0,23,0,31,92,0,0,18,8,0,0,4,0,0,0,0,0,0,0,0,0,0,0,0,0,0,0,0,0,0,0,0,0,0,0,0,0,0,0,2,0,76,0,0,29,0,0,9,6,0,0,4,0,0,0,0,0,0,0,0,0,0,0,0,0,0,0,0,0,0,0,0,0,0,0,0,0
vOTU_3875,0,0,0,2,0,0,0,0,1,0,172,7,0,0,0,3,0,0,302,0,0,0,0,0,0,0,0,0,0,0,0,0,0,0,0,0,0,0,0,0,0,0,0,0,0,0,0,0,0,0,18,0,0,0,0,0,0,0,202,0,0,0,0,0,0,0,0,0,0,0,0,0,0,0,0,0,0,0,0,0,0,0,3,0
vOTU_3920,0,0,0,0,0,0,0,0,0,0,17,0,0,0,0,0,0,0,13,0,0,0,0,0,0,0,0,0,0,0,0,0,0,0,0,0,0,0,0,0,0,0,0,0,0,0,0,0,0,0,0,0,0,0,0,0,0,0,78,0,0,0,0,0,0,0,0,0,0,0,0,0,0,0,0,0,0,0,0,0,0,0,0,0
vOTU_3977,0,0,0,0,0,0,2,0,90,0,0,0,0,0,2,0,0,0,17,0,0,0,0,0,0,0,0,0,0,0,0,0,0,0,0,0,0,0,0,0,0,0,0,0,0,0,0,0,38,0,0,0,0,0,1,0,0,0,8,0,0,0,0,0,0,0,0,0,0,0,0,0,0,0,0,0,0,0,0,0,0,0,0,0
vOTU_3983,0,0,0,0,0,0,0,0,0,0,0,0,0,0,0,0,0,0,27,0,0,0,0,0,0,0,0,0,0,0,0,0,0,0,0,0,0,0,0,0,0,0,0,0,0,0,0,0,0,0,0,0,0,0,0,0,0,0,129,0,0,0,0,0,0,0,0,0,0,0,0,0,0,0,0,0,0,0,0,0,0,0,0,0
vOTU_4029,68,0,0,4,1,3,11,2,29,0,529,157,1,0,4,0,1,0,50,9,0,0,0,0,0,0,0,0,0,0,0,0,0,0,0,0,0,0,0,0,0,0,0,0,2,0,29,0,87,0,86,38,1,1,20,46,0,0,67,2,0,0,0,0,0,0,0,0,0,0,0,0,0,0,0,0,0,0,0,0,0,0,0,0
vOTU_4060,0,0,0,2,1,0,2,0,2,0,466,6,0,0,0,0,0,0,27,0,0,0,0,0,0,0,0,0,0,0,0,0,0,0,0,0,0,0,5,0,0,0,0,0,0,1,0,0,1,1,69,1,0,0,0,0,0,0,45,0,0,0,6,0,0,0,0,0,0,0,0,0,0,0,0,0,0,0,0,0,0,0,0,0
vOTU_4064,0,0,0,0,0,0,0,0,1,0,74,0,0,0,0,0,0,0,0,0,0,0,0,0,0,0,0,0,0,0,0,0,0,0,0,0,0,0,0,0,0,0,0,0,0,0,0,0,0,0,104,0,0,0,0,0,0,0,0,0,0,0,0,0,0,0,0,0,0,0,0,0,0,0,0,0,0,0,0,0,0,0,0,0
vOTU_4121,0,0,0,0,0,0,0,0,0,0,5,0,0,0,0,0,0,0,8,0,0,0,0,0,0,0,0,0,0,0,0,0,0,0,0,0,0,0,0,0,0,0,0,0,0,0,0,0,0,0,4,0,0,0,0,0,0,0,64,0,0,0,0,0,0,0,0,0,0,0,0,0,0,0,0,0,0,0,0,0,0,0,0,0
vOTU_4136,21,0,0,0,0,0,11,0,6,0,79,15,0,0,5,18,0,1,15,0,0,0,0,0,0,0,0,0,0,0,0,0,0,0,0,0,0,0,0,0,0,0,1,5,0,0,318,0,30,0,6,5,0,0,4,72,0,0,13,0,0,0,0,0,0,0,0,0,0,0,0,0,0,0,0,0,0,0,0,0,0,0,0,0
vOTU_4187,82,0,2,4,1,0,3,4,31,0,531,192,0,0,1,3,0,0,73,1,0,0,0,0,0,0,0,5,0,0,0,0,0,0,0,0,0,0,0,0,0,0,0,0,0,0,4,1,100,0,129,47,0,0,10,15,0,0,82,0,0,0,0,0,0,0,0,0,0,0,0,0,0,0,0,0,0,0,0,0,0,0,0,0
vOTU_4263,0,0,0,2,2,1,1,2,0,0,498,40,0,0,0,0,0,0,1,0,0,0,0,0,0,0,0,0,0,0,0,0,0,0,0,0,0,0,0,0,0,0,0,0,0,0,0,0,7,0,124,3,0,0,0,0,0,0,0,0,0,0,0,0,0,0,0,0,0,0,0,0,0,0,0,0,0,0,0,0,0,0,0,0
vOTU_4348,75,0,0,0,0,0,3,0,58,2,385,157,0,0,3,13,0,0,69,2,0,0,0,0,0,0,0,0,0,0,0,0,0,0,0,0,0,0,0,0,0,0,0,0,1,0,16,0,100,0,43,35,0,1,14,31,0,0,68,2,0,0,0,0,0,0,0,0,0,0,0,0,0,0,0,0,0,0,0,0,0,0,0,0
vOTU_4367,0,0,0,0,0,0,4,0,158,0,2,1,2,0,2,0,0,0,40,0,0,0,0,0,0,0,0,0,0,0,0,0,0,0,0,0,0,0,0,0,0,0,0,0,0,0,1,0,43,0,1,0,2,0,0,0,0,0,11,0,0,0,0,7,0,0,0,0,0,0,0,0,0,0,0,0,0,0,0,0,0,0,0,0
vOTU_4435,15,0,20,53,26,45,65,37,24,35,5,13134,748,0,1,45,1,12,24,1167,0,6,0,0,0,0,0,0,0,45,0,0,0,0,0,0,0,4,5,0,19,0,1,3,14,1,318,3,14,0,12,587,217,1,3,242,1,36,183,353,2,475,0,7,0,0,0,0,0,0,0,0,18,0,60,0,9,0,0,0,4,0,0,0
vOTU_4548,0,0,0,0,0,0,0,0,35,0,0,0,0,0,9,0,0,0,0,0,0,0,0,0,0,0,0,0,0,0,0,0,0,0,0,0,0,0,0,0,0,0,0,0,0,0,0,0,214,0,2,0,0,0,12,0,0,0,0,0,0,0,0,0,0,0,0,0,0,0,0,0,0,0,0,0,0,0,0,0,0,0,0,0
vOTU_4633,0,0,0,0,0,0,0,0,82,0,1,0,2,0,3,0,0,0,16,0,0,0,0,0,0,0,0,0,0,0,0,0,0,0,0,0,0,0,0,0,0,0,0,0,1,0,1,0,15,0,0,0,1,0,2,0,0,0,2,0,0,0,0,0,0,0,0,0,0,0,0,0,0,0,0,0,0,0,0,0,0,0,0,0
vOTU_4737,0,16,57,0,24,1,10,3,1929,10,0,10,2,0,1636,17,396,7,15,242,0,0,0,0,0,0,26,29,11,92,61,0,110,20,7,0,0,0,20,0,7,29,25,20,68,13,186,36,16144,12,22,47,14,1,2063,98,2,13,112,21,0,0,0,14,0,0,9,0,0,0,0,0,57,0,0,0,9,0,0,0,0,12,61,20
vOTU_4845,0,0,0,0,0,0,0,0,0,0,65,0,0,0,0,0,0,0,0,0,0,0,0,0,0,0,0,0,0,0,0,0,0,0,0,0,0,0,0,0,0,0,0,0,0,0,0,0,0,0,0,0,0,0,0,0,0,0,0,0,0,0,0,0,0,0,0,0,0,0,0,0,0,0,0,0,0,0,0,0,0,0,0,0
vOTU_4852,83,0,3,2,29,6,194,2,1,0,1,576,309,9,2,137,3,11,646,1592,0,0,0,0,0,0,0,0,0,0,0,0,9,0,0,5,0,0,0,0,0,10,4,7,67,2,3291,2,9,7,5,25,1262,3,6,970,2,18,504,500,1,55,0,51,0,0,0,0,0,0,0,6,0,0,0,0,0,0,0,0,0,6,4,4
vOTU_4927,35,0,1,0,1,2,8,5,31,1,407,118,4,0,6,31,2,0,41,5,0,0,0,0,0,0,0,0,0,0,0,0,0,0,0,0,0,0,0,0,0,0,0,0,0,0,77,0,72,1,62,34,0,1,17,63,0,0,60,2,0,0,0,0,0,0,0,0,0,0,0,0,0,0,0,0,0,0,0,0,0,0,0,0
vOTU_4987,0,0,0,0,0,0,64,0,0,0,4,0,0,0,0,0,0,0,234,0,0,0,0,0,0,0,0,0,0,0,0,0,0,0,0,0,0,0,0,0,0,0,0,0,0,0,34,0,0,0,0,0,0,0,0,0,0,0,147,0,0,0,0,0,0,0,0,0,0,0,0,0,0,0,0,0,0,0,0,0,0,0,0,0
vOTU_5074,0,0,0,0,0,0,0,0,1,2,56,0,5,11,9,6,3,4,6291,4,0,0,0,0,0,0,0,0,0,0,0,0,0,0,0,0,0,9,26,0,14,0,0,0,0,0,0,2,3,0,39,3,5,5,3,10,9,5,4436,3,2,0,0,37,0,0,0,0,0,0,0,18,0,0,0,0,0,0,0,0,0,0,4,0
vOTU_5132,1,0,0,0,0,1,5,0,129,0,0,7,5,0,9,3,0,0,0,0,0,0,0,0,0,0,0,0,0,0,0,0,0,0,0,0,0,0,0,0,0,0,0,0,0,0,14,0,364,0,0,0,0,0,41,15,0,0,0,0,0,0,0,0,0,0,0,0,0,0,0,0,0,0,0,0,0,0,0,0,0,0,0,0
vOTU_5144,0,0,0,0,0,0,0,0,0,0,0,0,0,0,0,0,0,0,0,0,0,0,0,0,0,0,0,0,0,89,0,0,0,0,8,0,0,0,0,0,0,0,0,0,0,0,0,0,0,0,0,0,0,0,0,5,0,0,0,0,0,0,0,0,408,0,23,0,0,0,0,0,0,0,0,0,0,16,13,0,667,0,0,21
vOTU_5175,6,0,0,0,0,0,0,0,5,0,0,42,0,0,0,0,0,0,0,0,0,0,0,0,0,0,0,0,0,0,0,0,0,0,0,0,0,0,0,0,0,0,0,0,0,0,0,4,15,0,0,7,0,0,0,0,0,0,0,0,0,0,0,0,0,0,0,0,0,0,0,0,0,0,0,0,0,0,0,0,0,0,0,0
vOTU_5284,1,0,0,0,0,0,1,0,4,0,7,12,0,0,0,9,0,0,85,0,0,0,0,0,0,0,0,0,0,0,0,0,0,0,0,0,0,0,0,0,0,0,0,0,0,0,1,0,14,0,2,1,0,0,1,2,0,0,83,0,0,0,0,0,0,0,0,0,0,0,0,0,0,0,0,0,0,0,0,0,0,0,0,0
vOTU_5356,0,0,0,0,0,0,44,0,0,0,5,0,0,0,0,6,0,0,271,0,0,0,0,0,0,0,0,0,0,0,0,0,0,0,0,0,0,0,0,0,0,0,0,0,0,0,26,0,0,0,0,0,0,0,2,0,1,0,210,0,0,0,0,0,0,0,0,0,0,0,0,0,20,0,0,0,0,0,0,0,0,0,0,0
vOTU_5408,998,1,4,23,8,6870,24,11,12,14,3,142,74,1,0,12,0,5,88,162,0,0,0,10,0,0,0,0,0,0,0,0,0,0,8,0,0,0,0,0,4,0,1,0,1,63,244,2,68,0,1,7,161,0,4,33,1,19,83,33,1,116,0,0,0,0,0,0,0,0,0,6,0,0,0,0,3,0,9,27,4,7,0,0
vOTU_5421,0,0,0,0,0,0,1,0,5,0,5,0,3,0,4,3,0,0,167,0,0,0,0,0,0,0,0,0,0,0,0,0,0,0,0,0,0,0,0,0,0,0,0,0,0,0,0,0,33,0,0,0,0,0,0,2,0,0,176,3,0,0,0,0,0,0,0,0,0,0,0,0,0,0,0,0,0,0,0,0,0,0,0,0
vOTU_5507,0,0,0,0,0,0,0,0,1,1,104,2,0,0,1,0,1,0,17,0,0,0,0,0,0,0,0,0,0,0,0,0,0,0,0,0,0,0,0,0,0,0,0,0,0,0,1,0,10,0,6,15,0,0,0,0,0,0,49,0,0,0,0,0,0,0,0,0,0,0,0,0,0,0,0,0,0,0,0,0,0,0,0,0
vOTU_5528,0,0,2,5,0,0,0,1,0,0,77,0,0,0,0,0,0,0,0,0,0,0,0,0,0,0,0,0,0,0,0,0,0,0,0,0,0,0,0,0,0,0,0,0,0,0,0,0,1,0,9,0,0,0,0,0,0,0,0,0,0,0,7,0,0,0,0,0,0,0,0,0,0,0,0,0,0,0,0,0,0,0,0,0
vOTU_5571,3,0,0,0,0,0,0,0,3,0,10,9,0,0,2,0,0,0,74,0,0,0,0,0,0,0,0,0,0,0,0,0,0,0,0,0,0,0,0,0,0,0,0,0,0,0,1,0,10,0,2,3,0,0,1,0,0,0,95,0,0,0,0,0,0,0,0,0,0,0,0,0,0,0,0,0,0,0,0,0,0,0,0,0
vOTU_5620,0,0,0,0,0,0,0,0,60,0,0,0,0,0,7,0,0,0,0,0,0,0,0,0,0,0,0,0,0,0,0,0,0,0,0,0,0,0,0,0,0,0,0,2,0,0,0,0,284,0,0,0,0,0,3,0,0,0,0,0,0,0,0,0,0,0,0,0,0,0,0,0,0,0,0,0,0,0,0,0,0,0,0,0
vOTU_5706,0,0,1,0,0,0,1,0,1,3,41,0,3,3,2,15,2,3,5308,3,0,0,0,0,0,0,0,5,0,0,0,0,0,0,0,0,0,14,0,0,7,0,0,0,0,0,0,6,1,0,32,2,9,1,7,7,3,7,4358,4,1,0,0,8,0,0,0,0,0,0,0,0,31,0,0,0,0,0,0,0,0,0,8,0
vOTU_5778,0,0,0,0,0,0,0,0,1,0,67,0,0,0,0,0,0,0,18,0,0,0,0,0,0,0,0,0,0,0,0,0,0,0,0,0,0,0,0,0,0,0,0,0,0,0,0,0,6,0,1,0,0,0,0,0,0,0,0,0,0,0,0,8,0,0,0,0,0,0,0,0,0,0,0,0,0,0,0,0,0,0,0,0
vOTU_5971,0,0,0,0,0,0,0,0,0,0,13,0,0,0,0,0,0,0,27,0,0,0,0,0,0,0,0,0,0,0,0,0,0,0,0,0,0,0,0,0,0,0,0,0,0,0,0,0,0,0,6,2,0,0,0,0,0,0,105,0,0,0,0,0,0,0,0,0,0,0,0,0,0,0,0,0,0,0,0,0,0,0,0,0
vOTU_6049,0,0,0,0,0,0,0,0,0,0,0,0,0,0,0,0,0,0,0,0,0,0,0,0,0,0,0,0,0,0,0,0,0,0,0,0,0,0,0,0,0,0,0,0,0,0,0,0,0,0,0,0,0,0,0,0,0,0,66,0,0,0,0,0,0,0,0,0,0,0,0,0,0,0,0,0,0,0,0,0,0,0,0,0
vOTU_6070,0,0,0,0,0,0,0,0,0,0,39,0,0,0,0,0,0,0,16,0,0,0,0,0,0,0,0,0,0,0,0,0,0,0,0,0,0,0,0,0,0,0,0,0,0,0,0,0,0,0,4,0,0,0,0,0,0,0,19,0,0,0,0,0,0,0,0,0,0,0,0,0,0,0,0,0,0,0,0,0,0,0,0,0
vOTU_6120,0,0,0,2,2,0,3,3,2,1,1078,1,0,0,0,0,0,0,0,0,0,0,0,0,0,0,0,0,6,0,0,0,0,0,0,0,0,0,0,0,0,0,0,0,0,0,0,0,0,0,254,0,0,0,0,0,0,0,0,0,0,0,0,8,0,0,0,0,0,0,0,0,0,0,0,0,0,0,0,0,0,0,0,0
vOTU_6122,2,0,0,0,0,0,0,1,0,1,91,2,0,0,1,0,2,0,20,0,0,0,0,0,0,0,0,0,0,0,0,0,0,0,0,0,0,0,0,0,0,0,0,0,0,0,0,1,8,0,2,14,1,0,0,0,0,0,29,0,0,0,0,0,0,0,0,0,0,0,0,0,0,0,0,16,0,0,0,0,0,0,0,0
vOTU_6127,0,0,0,0,0,0,0,0,0,3,50,0,0,0,0,0,0,0,0,0,0,0,0,0,0,0,0,0,0,0,0,0,0,0,0,0,0,0,0,0,0,0,0,0,0,0,0,0,0,0,1,0,0,0,0,0,0,0,1,0,0,0,0,0,0,0,0,0,0,0,0,0,0,0,0,0,0,0,0,0,0,0,0,0
vOTU_6131,0,0,0,0,0,0,0,0,4,0,1,0,0,0,0,0,0,0,44,0,0,0,0,0,0,0,0,0,0,0,0,0,0,0,0,0,0,0,0,0,0,0,0,0,0,0,0,0,23,0,0,1,0,0,0,0,0,0,61,0,0,0,0,0,0,0,0,0,0,0,0,0,0,0,0,0,0,0,0,0,0,0,0,0
vOTU_6165,16,0,1,0,1,3,28,1,28,0,363,60,1,0,6,78,0,0,56,4,0,0,0,0,0,0,0,0,0,0,0,0,0,0,0,0,0,0,0,0,0,0,0,0,0,0,68,0,78,0,40,22,0,1,6,151,0,0,25,0,0,0,0,0,0,0,0,0,0,0,0,0,0,0,0,0,0,0,0,0,0,0,0,0
vOTU_6223,0,0,0,0,0,0,0,0,0,0,5,0,0,0,0,0,0,0,20,0,0,0,0,0,0,0,0,0,0,0,0,0,0,0,0,0,0,0,0,0,0,0,0,0,0,0,0,0,0,0,6,0,0,0,0,0,0,0,83,0,0,0,0,0,0,0,0,0,0,0,0,0,0,0,0,0,0,0,0,0,0,0,0,0
vOTU_6313,0,0,0,0,0,0,0,0,0,0,73,0,0,0,0,0,0,0,0,0,0,0,0,0,0,0,0,0,0,0,0,0,0,0,0,0,0,0,0,0,0,0,0,0,0,0,0,0,0,0,127,0,0,0,0,0,0,0,0,0,0,0,0,0,0,0,0,0,0,0,0,0,0,0,0,0,0,0,0,0,0,0,0,0
vOTU_6390,0,0,0,0,0,0,0,0,0,1,122,1,0,0,0,0,0,0,9,0,0,0,0,0,0,0,0,0,0,0,0,0,0,0,0,0,0,0,0,0,0,0,0,0,0,0,0,0,0,0,2,0,0,0,0,0,0,0,11,0,0,0,0,0,0,0,0,0,0,0,0,0,0,0,0,0,0,0,0,0,0,0,0,0
vOTU_6411,0,0,0,0,0,0,0,0,0,1,59,0,0,0,0,0,0,0,3,0,0,0,0,0,0,0,0,0,0,0,0,0,0,0,0,0,0,0,0,0,0,0,0,0,0,0,0,0,0,0,4,0,0,0,0,0,0,0,1,0,0,0,0,0,0,0,0,0,0,0,0,0,0,0,0,0,0,0,0,0,0,0,0,0
vOTU_6496,52,0,0,0,0,2,0,1,15,1,209,41,0,0,0,6,0,0,16,5,0,0,0,0,0,0,0,0,0,0,0,0,0,0,0,0,0,0,0,0,0,0,0,0,0,0,3,0,61,0,27,6,0,0,2,2,0,0,12,0,0,0,0,0,0,0,0,0,0,0,0,0,0,0,0,0,0,0,0,5,0,0,0,0
vOTU_6540,2,0,0,0,0,0,3,1,4,3,160,1,0,0,0,6,0,0,52,1,0,0,0,0,0,0,0,0,0,0,0,0,0,0,0,0,0,0,0,0,0,0,0,0,0,0,2,0,71,0,21,3,1,0,0,0,0,0,127,0,0,0,0,0,0,0,0,0,0,0,0,0,0,0,0,0,0,0,0,0,0,0,0,0
vOTU_6592,0,0,0,0,0,0,0,0,0,0,104,7,0,0,0,0,0,0,9,0,0,0,0,0,0,0,0,0,0,0,0,0,0,0,0,0,0,0,0,0,0,0,0,0,0,0,1,0,8,0,2,46,0,0,0,0,0,0,25,0,0,0,0,0,0,0,0,0,0,0,0,0,0,0,0,0,0,0,0,0,0,0,0,0
vOTU_6762,0,0,0,0,0,0,0,0,0,0,52,2,0,0,2,0,0,0,14,0,0,0,0,0,0,0,0,0,0,0,0,0,0,0,0,0,0,0,0,0,0,0,0,0,0,0,0,0,3,0,10,9,0,0,0,0,0,0,32,0,0,0,0,0,0,0,0,0,0,0,0,0,0,0,0,0,0,0,0,0,0,0,0,0
vOTU_6788,0,0,0,0,0,11,0,0,10,0,94,2,0,0,0,0,0,0,10,0,0,0,0,0,0,0,0,0,0,0,0,0,0,0,0,0,0,0,0,0,0,0,0,0,0,0,0,0,74,0,0,3,0,0,0,0,0,0,0,0,0,0,0,0,0,0,0,0,0,0,0,0,0,0,0,0,0,0,0,0,0,0,0,0
vOTU_6955,0,0,0,0,0,0,0,0,1,0,37,2,0,0,0,0,0,0,12,0,0,0,0,0,0,0,0,0,0,0,0,0,0,0,0,0,0,0,0,0,0,0,0,0,0,0,0,0,2,0,11,4,0,0,0,0,0,0,37,0,0,0,0,0,0,0,0,0,0,0,0,0,0,0,0,0,0,0,0,0,0,0,0,0
vOTU_7018,0,0,0,0,0,0,0,0,0,0,3,0,0,0,0,0,1,0,335,0,0,0,0,0,0,0,0,6,0,0,0,0,0,0,0,0,0,0,0,0,0,0,0,0,0,0,0,0,0,0,3,0,0,2,0,0,0,1,271,0,0,0,0,0,0,0,0,0,0,0,0,7,0,0,0,0,0,0,0,0,0,0,0,0
vOTU_7050,2280,0,3,8,3,3825,7,4,8,6,2,110,125,0,0,3,1,17,56,76,0,0,0,12,0,0,0,0,0,0,0,0,0,0,0,0,0,0,0,0,16,0,0,0,0,33,268,2,129,0,2,1,160,0,5,29,0,29,43,10,0,0,0,0,0,0,0,0,16,0,0,0,0,0,0,0,7,2,15,0,9,15,5,0
vOTU_7104,107,0,0,3,0,0,1,1,40,3,663,221,0,0,4,7,0,0,105,0,0,0,0,0,0,0,0,0,0,0,0,0,0,0,0,0,0,0,0,0,0,0,0,0,0,0,11,2,125,0,165,74,0,0,12,16,0,1,107,3,0,0,0,0,0,0,0,0,0,0,0,0,0,0,0,0,0,0,0,0,0,0,0,0
vOTU_7169,0,0,0,0,0,0,1,0,112,0,0,0,0,0,0,0,0,0,22,0,0,0,0,0,0,0,0,0,0,0,0,0,0,0,0,0,0,0,0,0,0,0,0,0,0,0,0,0,32,0,0,0,0,0,1,0,0,0,6,0,0,0,0,0,0,0,0,0,0,0,0,0,0,0,0,0,0,0,0,0,0,0,0,0
vOTU_7212,0,0,3,8,2,0,0,4,2,0,1591,1,0,0,0,0,0,0,55,0,0,0,0,0,0,0,0,0,0,0,0,0,0,0,0,0,0,0,0,20,4,0,0,2,0,0,0,0,1,0,282,0,0,0,0,0,0,0,60,0,0,0,7,0,0,0,0,0,0,0,0,0,0,0,0,0,0,0,0,0,0,0,0,0
vOTU_7244,0,0,0,3,0,0,4,0,51,0,27,3,3,0,7,0,0,0,142,0,0,0,0,0,0,0,0,0,0,0,0,0,0,0,0,0,0,0,0,0,0,0,0,0,0,0,1,0,104,0,0,0,0,0,0,0,0,1,159,0,0,0,0,0,0,0,0,0,0,0,0,7,0,0,0,0,0,0,0,0,0,0,0,0
vOTU_7257,0,0,0,0,0,0,0,3,6,0,160,1,0,0,0,0,0,0,55,0,0,0,0,0,0,0,0,0,0,0,0,0,0,0,0,0,0,0,0,0,0,0,0,0,0,0,3,0,13,0,16,1,0,0,0,0,0,0,81,0,0,0,0,0,0,0,0,0,0,0,0,0,0,0,0,0,0,0,0,0,0,0,0,0
vOTU_7288,69,0,0,5,1,2,11,0,27,3,234,106,9,0,5,47,2,1,30,5,36,65,6,84,29,46,0,47,26,32,25,35,41,33,126,36,71,30,37,21,0,0,0,8,0,2,190,3,81,0,38,33,0,0,14,70,0,1,40,3,0,0,8,0,16,0,33,41,24,24,0,56,81,40,0,60,29,12,35,0,34,38,32,39
vOTU_7358,628,0,9,19,11,7874,17,7,8,19,3,93,41,2,0,34,1,8,161,1165,0,0,0,0,0,0,0,0,0,0,0,0,0,0,9,0,0,5,6,0,8,1,1,0,8,80,175,1,34,0,1,8,117,0,9,44,1,13,155,419,1,0,0,9,0,0,0,0,8,0,0,0,23,0,11,0,0,0,5,16,0,0,0,0
vOTU_7450,0,0,0,0,0,0,0,0,0,0,163,1,0,2,0,0,0,0,14,0,0,0,0,0,0,0,0,0,0,0,0,0,0,0,0,0,0,0,0,0,0,0,0,0,0,0,0,0,0,0,2,0,0,0,0,0,0,0,16,0,0,0,0,0,0,0,0,0,0,0,0,0,0,0,0,0,0,0,0,0,0,0,0,0
vOTU_7519,0,0,0,0,0,0,0,0,0,0,91,0,0,0,0,0,0,0,21,0,0,0,0,0,0,0,0,0,0,0,0,0,0,0,0,0,0,0,0,0,0,0,0,0,0,0,0,0,0,0,7,0,0,0,0,2,0,0,28,0,0,0,0,0,0,0,0,0,0,0,0,0,0,0,0,0,0,0,0,0,0,0,0,0
vOTU_7547,2,0,0,0,0,0,0,0,3,0,112,5,0,0,0,0,1,0,9,1,0,0,0,0,0,0,0,0,0,0,0,0,0,0,0,0,0,0,0,0,0,0,0,0,0,0,1,0,3,0,7,0,0,0,0,0,0,0,14,0,0,0,0,0,0,0,0,0,0,0,0,0,0,0,0,0,0,0,0,0,0,0,0,0
vOTU_7587,0,0,0,0,0,0,0,0,0,0,2,0,0,0,0,0,0,0,137,0,0,0,0,0,0,0,0,0,0,0,0,0,0,0,0,0,0,0,0,0,0,0,0,0,0,0,1,0,0,0,0,0,0,0,1,0,0,0,105,0,0,0,0,0,0,0,0,0,0,0,0,0,0,0,0,0,0,0,0,0,0,0,0,0
vOTU_7769,0,0,0,0,0,0,0,0,22,0,15,0,2,0,3,0,0,0,134,0,0,0,0,0,0,0,0,0,0,0,0,0,0,0,0,0,0,0,0,0,0,0,0,0,0,0,0,0,52,0,1,0,2,0,1,0,0,0,160,0,0,0,0,0,0,0,0,0,0,0,0,0,0,0,0,0,0,0,0,0,0,0,0,0
vOTU_8002,0,0,0,3,0,0,0,1,1,0,62,0,0,0,0,0,0,0,14,0,0,0,0,0,0,0,0,0,0,0,0,0,0,0,0,0,0,0,0,0,0,0,0,0,0,0,0,0,2,0,4,2,0,0,0,0,0,0,34,0,0,0,0,0,0,0,0,0,0,0,0,0,0,0,0,0,0,0,0,0,0,0,0,0
vOTU_8070,761,0,0,0,0,0,0,3,31,0,554,36,0,0,0,0,0,0,0,0,0,0,0,0,0,0,0,0,0,0,0,0,0,0,0,0,0,0,0,11,0,0,0,0,0,0,18,0,267,3,104,6,0,0,0,0,0,0,0,0,0,0,0,0,0,0,0,0,0,0,0,0,0,0,0,0,0,0,0,11,0,0,0,0
vOTU_8152,0,0,0,0,0,0,4,0,1,0,78,1,0,0,0,0,0,0,13,1,0,0,0,0,0,0,0,0,0,0,0,0,0,0,0,0,0,0,0,0,0,0,0,0,0,0,5,0,19,2,1,2,0,0,0,8,0,0,13,3,0,0,0,0,0,0,0,0,0,0,0,0,0,0,0,0,0,0,0,0,0,0,0,0
vOTU_8158,22,0,2,8,0,1,3,7,3,5,1868,45,0,0,0,4,1,1,661,1,0,0,0,0,0,0,0,0,0,0,0,0,0,0,0,0,0,0,0,0,0,0,1,0,0,0,0,1,16,0,358,2,2,0,0,2,0,1,915,0,0,0,0,28,0,0,0,0,0,0,0,0,0,8,0,0,0,0,0,0,0,0,0,0
vOTU_8181,0,0,0,0,0,0,0,0,0,0,7,0,3,0,0,0,0,0,207,0,0,0,0,0,0,0,0,0,0,0,0,0,0,0,0,0,0,0,0,0,0,0,0,0,0,0,2,3,0,0,0,1,0,3,0,0,0,0,134,0,0,0,0,0,0,0,0,0,0,0,0,0,0,0,0,0,0,0,0,0,0,0,0,0
vOTU_8204,0,0,0,0,1,0,4,0,0,0,51,4,0,0,0,0,0,0,17,2,0,0,0,0,0,0,0,0,0,0,0,0,0,0,0,0,0,0,0,0,0,0,0,0,0,0,4,0,19,0,7,5,0,0,0,11,0,0,29,0,0,0,0,0,0,0,0,0,0,0,0,0,0,0,0,0,0,0,0,0,0,0,0,0
vOTU_8216,0,0,0,0,0,0,0,0,2,0,82,0,0,0,0,0,0,0,4,0,0,0,0,0,0,0,0,0,0,0,0,0,0,0,0,0,0,0,0,0,0,0,0,0,0,0,0,0,0,0,0,5,0,0,0,0,0,2,2,0,0,0,0,0,0,0,0,0,0,0,0,0,0,0,0,0,0,0,0,0,0,0,0,0
vOTU_8277,26,0,0,0,0,0,0,0,67,0,1,3,0,0,33,0,0,0,0,14,0,0,0,0,0,0,0,0,0,0,0,0,0,0,0,0,0,0,0,0,0,0,0,0,0,0,0,0,343,0,0,0,0,0,28,2,0,0,0,6,0,0,0,0,0,0,0,0,0,0,0,0,0,0,0,0,0,0,0,0,0,0,0,5
vOTU_8335,0,0,0,0,0,0,0,0,0,0,37,0,0,0,0,0,0,0,25,0,0,0,0,0,0,0,0,0,0,0,0,0,0,0,0,0,0,0,0,0,0,0,0,0,0,0,0,0,1,0,2,0,0,0,0,0,0,0,36,0,0,0,0,0,0,0,0,0,0,0,0,0,0,0,0,0,0,0,0,0,0,0,0,0
vOTU_8362,0,0,0,0,2,0,0,5,1,0,529,6,0,0,0,0,0,0,36,0,0,0,0,0,0,0,0,0,0,0,0,0,0,0,0,0,0,0,0,0,0,0,0,0,0,0,1,0,6,0,18,2,0,0,0,0,0,0,37,0,0,0,0,0,0,0,0,0,0,0,0,0,0,0,0,0,0,0,0,0,0,0,0,0
vOTU_8383,0,0,0,0,0,0,1,0,1,2,276,0,0,0,0,0,0,0,2,0,0,0,0,0,0,0,0,0,0,0,0,0,0,0,0,0,0,0,0,0,0,0,0,0,0,0,0,0,0,0,17,0,0,0,0,0,0,0,0,0,0,0,0,0,0,0,0,0,0,0,0,0,0,0,0,0,0,0,0,0,0,0,0,0
vOTU_8414,0,0,0,0,1,0,1,0,3,0,116,2,0,0,0,7,0,0,50,0,0,0,0,0,0,0,0,0,0,0,0,0,0,0,0,0,0,0,0,0,0,0,0,0,0,1,4,0,45,0,22,3,0,0,0,4,0,0,69,0,0,0,0,0,0,0,0,0,0,0,0,0,0,0,0,0,0,0,0,0,0,0,0,0
vOTU_8450,389,0,0,3,0,2,7,0,88,0,264,444,0,2,8,11,1,0,39,1,0,0,0,0,0,0,0,0,0,17,0,0,0,0,0,0,0,0,0,0,0,0,0,0,0,0,4,0,218,0,26,137,0,0,35,15,0,0,45,3,0,0,0,0,0,0,0,0,0,0,0,0,0,0,0,0,0,0,11,0,0,0,0,0
vOTU_8820,0,0,0,3,0,0,0,0,1,0,381,0,0,0,0,0,1,0,33,0,0,0,0,0,0,0,0,0,0,0,0,0,0,0,0,0,0,0,0,0,0,0,0,0,0,0,0,0,0,0,29,0,0,0,0,0,0,0,62,0,0,0,16,0,0,0,0,0,0,0,0,0,0,0,0,0,0,0,0,0,0,0,0,0
vOTU_8979,0,0,0,0,0,0,0,0,1,0,67,2,0,0,1,0,0,0,12,0,0,0,0,0,0,0,0,0,0,0,0,0,0,0,0,0,0,0,0,0,0,0,0,0,0,0,2,0,17,0,5,6,0,0,0,2,0,0,12,2,0,0,0,0,0,0,0,0,0,0,0,0,0,0,0,0,0,0,0,0,0,0,0,0
vOTU_8996,32,0,128,362,118,67,288,234,147,199,8295,58490,25,0,1,74,0,1,836,1,40,8,0,0,0,0,0,7,22,346,0,182,0,0,0,0,0,0,27,11,106,18,5,16,7,9,94,8,170,3,14495,64150,40,49,44,348,54,75,1761,81,21,2194,25,0,0,210,0,0,0,0,0,0,0,0,190,0,32,0,0,0,0,0,0,0
vOTU_9040,0,0,0,0,0,0,0,0,3,0,284,19,2,0,0,0,0,0,221,0,0,0,0,0,0,0,0,0,0,0,0,0,0,0,0,0,0,0,0,0,9,0,0,0,0,0,0,0,9,0,48,2,0,0,0,13,0,0,148,0,0,0,0,0,0,0,0,0,0,0,0,0,0,0,0,0,0,0,0,0,0,0,0,0
vOTU_9143,0,0,0,0,1,0,0,0,0,0,115,1,0,0,0,0,0,0,0,0,0,0,0,0,0,0,0,0,0,0,0,0,0,0,0,0,0,0,0,0,0,0,0,0,0,0,0,0,0,0,0,2,0,0,0,0,0,0,0,0,0,0,0,0,0,0,0,0,0,0,0,0,0,0,0,0,0,0,0,0,0,0,0,0
vOTU_9145,20,0,2,12,11,29,14,16,5,2,2,2518,57,3,1,11,2,296,114,1363,0,0,0,0,0,0,0,13,7,0,0,0,0,0,0,0,0,0,7,0,4,2,0,7,7,0,79,0,11,0,4,103,48,0,8,18,0,581,318,436,0,0,0,0,0,0,0,0,0,0,0,0,0,0,24,0,0,0,0,0,0,0,0,0
vOTU_9185,0,0,1,0,1,0,2,0,4,0,173,13,0,0,0,0,0,0,37,0,0,0,0,0,0,0,0,0,0,0,0,0,0,0,0,0,0,0,0,0,0,0,0,0,0,0,0,0,8,0,11,2,0,0,0,0,0,0,15,0,0,0,0,0,0,0,0,0,0,0,0,0,0,0,0,0,0,0,0,0,0,0,0,0
vOTU_9269,0,0,0,0,0,0,0,0,2,0,124,1,0,0,0,0,0,0,4,0,0,0,0,0,0,0,0,0,0,0,0,0,0,0,0,0,0,0,0,0,0,0,0,0,0,0,0,0,0,0,0,0,0,0,0,0,0,0,2,0,0,0,0,0,0,0,0,0,0,0,0,0,0,0,0,0,0,0,0,0,0,0,0,0
vOTU_9390,0,0,0,0,0,0,0,0,0,0,1,0,0,0,0,0,0,0,36,0,0,0,0,0,0,0,0,0,0,0,0,0,0,0,0,0,0,0,0,0,0,0,0,0,0,0,0,0,0,0,0,0,0,2,0,0,0,0,71,0,0,0,0,0,0,0,0,0,0,0,0,0,0,0,0,0,0,0,0,0,0,0,0,0
vOTU_9427,0,0,0,0,0,0,0,0,1,0,66,0,0,0,0,0,1,0,13,0,0,0,0,0,0,0,0,0,0,0,0,0,0,0,0,0,0,0,0,0,0,0,0,0,0,0,2,0,3,0,8,24,0,0,0,0,0,0,14,0,0,0,0,0,0,0,0,0,0,0,0,0,0,0,0,0,0,0,0,0,0,0,0,0
vOTU_9480,0,0,0,3,0,1,691,0,24,0,10,0,89,0,1,459,1,0,1,0,0,0,0,0,0,0,0,0,0,0,0,0,0,0,0,0,0,0,0,0,0,0,1,0,11,0,963,0,121,0,0,0,3,0,0,374,0,0,0,0,1,0,0,0,0,0,0,0,0,0,0,0,0,0,0,0,0,0,0,0,0,0,0,0
vOTU_9551,20,0,0,9,1,0,6,0,0,0,412,1,0,0,0,0,1,0,0,0,0,0,0,0,0,0,0,0,0,0,0,0,0,0,0,0,0,0,0,0,0,0,0,0,0,0,3,0,0,0,1,0,0,0,0,0,0,0,0,0,0,0,0,0,0,0,0,0,0,0,0,0,0,0,0,0,0,0,0,0,0,0,0,0
vOTU_9642,4,0,0,0,0,2,6,0,15,0,82,11,0,0,7,19,2,0,7,2,0,0,0,0,0,0,0,0,0,0,0,0,0,0,0,0,0,0,0,0,0,0,0,0,0,2,9,7,125,0,0,77,2,0,3,18,0,0,10,2,0,0,0,0,0,0,0,0,0,0,0,0,0,0,0,0,0,0,0,0,0,0,0,0
vOTU_9647,157,0,0,3,1,1,6,0,33,0,623,260,0,0,4,4,0,0,111,1,0,0,0,0,0,0,0,0,0,0,0,0,0,0,0,0,0,0,0,0,0,0,0,0,0,0,7,0,151,5,127,78,3,0,15,11,0,0,136,2,0,0,0,0,0,0,0,0,0,0,0,0,0,0,0,0,0,0,0,0,0,0,0,0
vOTU_9857,94,0,0,0,0,0,0,2,7,0,332,80,0,0,0,8,0,0,12,0,0,0,0,0,0,0,0,0,0,0,0,0,0,0,0,0,0,0,0,0,0,0,0,0,0,0,3,0,41,0,46,12,1,0,2,7,0,0,18,2,0,0,0,0,0,0,0,0,0,0,0,0,0,0,0,0,0,0,0,6,0,0,0,0
vOTU_9973,0,0,0,0,0,0,2,0,15,0,6,0,0,0,0,0,0,0,87,0,0,0,0,0,0,0,0,0,0,0,0,0,0,0,0,0,0,0,0,0,0,0,0,0,0,0,0,0,27,0,0,0,0,0,1,0,0,0,109,0,0,0,0,0,0,0,0,0,0,0,0,0,0,0,0,0,0,0,0,0,0,0,0,0
vOTU_10044,0,0,0,0,0,0,6,0,0,0,53,7,0,0,0,0,0,0,10,0,0,0,0,0,0,0,0,0,0,0,0,0,0,0,0,0,0,0,0,0,0,0,0,0,0,0,13,0,0,0,0,0,0,0,0,23,0,0,0,0,0,0,0,0,0,0,0,0,0,0,0,0,0,0,0,0,0,0,0,0,0,0,0,0
vOTU_10115,0,0,0,0,0,0,0,0,0,0,0,0,0,0,0,0,0,0,29,0,0,0,0,0,0,0,0,0,0,0,0,0,0,0,0,0,0,0,0,0,0,0,0,0,0,0,0,0,2,0,0,0,0,0,0,0,0,0,50,0,0,0,0,0,0,0,0,0,0,0,0,0,0,0,0,0,0,0,0,0,0,0,0,0
vOTU_10143,6,0,0,3,0,0,0,0,0,2,72,0,21,2,1,12,1,3,2,1423,0,0,0,0,0,0,0,0,0,0,0,0,0,0,0,0,0,0,0,0,5,0,0,0,1,0,407,1,9,0,193,1,317,1,0,113,0,1,1,194,0,0,0,21,0,0,0,0,0,0,0,0,0,0,0,0,0,0,0,0,0,0,0,0
vOTU_10294,0,0,0,0,0,0,0,0,0,0,85,1,5,0,0,0,1,0,6,0,0,0,0,0,0,0,0,0,0,0,0,0,0,0,0,0,0,0,0,0,0,0,0,0,0,0,3,0,2,0,9,0,0,0,0,0,0,0,10,0,0,0,0,0,0,0,0,0,0,0,0,0,0,0,0,0,0,0,0,0,0,0,0,0
vOTU_10497,1,0,0,6,0,1,0,0,3,0,0,604,0,0,0,0,0,0,0,0,0,0,0,0,0,0,0,0,0,0,0,0,0,0,0,0,0,0,0,0,0,0,0,0,0,0,0,0,0,0,0,643,2,0,0,0,0,0,0,0,0,0,0,0,0,0,0,0,0,0,0,0,0,0,0,0,0,0,0,0,0,0,0,0
vOTU_10574,0,0,0,0,0,0,0,0,0,0,0,0,0,0,0,0,0,0,26,0,0,0,0,0,0,0,0,0,0,0,0,0,0,0,0,0,0,0,0,0,0,0,0,0,0,0,0,0,1,0,0,0,0,0,0,0,0,1,132,0,0,0,0,0,0,0,0,0,0,0,0,0,0,0,0,0,0,0,0,0,0,0,0,0
vOTU_10582,0,0,0,0,0,0,0,0,4,0,151,10,0,0,3,0,0,0,23,0,0,0,0,0,0,0,0,0,0,0,0,0,0,0,0,0,0,0,0,0,0,0,0,0,0,0,0,0,7,0,31,3,0,0,5,0,0,0,72,0,0,0,0,0,0,0,0,0,0,0,0,0,0,0,0,0,0,0,0,0,0,0,0,0
vOTU_10698,94,0,0,0,3,2,0,3,4,2,418,93,0,0,0,8,0,0,8,2,0,0,0,0,0,0,0,0,0,0,0,0,0,0,0,0,0,0,0,0,0,0,0,0,0,0,2,0,27,0,53,11,0,0,3,7,0,0,8,4,0,0,0,0,0,0,0,0,0,0,0,0,0,0,0,0,0,0,0,0,0,0,0,0
vOTU_10703,0,0,0,0,0,0,0,0,0,0,86,1,0,0,0,0,0,0,1,0,0,0,0,0,0,0,0,0,0,0,0,0,0,0,0,0,0,0,0,0,0,0,0,0,0,0,0,0,0,0,0,0,0,0,0,0,0,0,2,0,0,0,0,0,0,0,0,0,0,0,0,0,0,0,0,0,0,0,0,0,0,0,0,0
vOTU_10895,0,0,0,0,1,0,3,2,2,2,185,7,0,0,0,4,0,0,14,0,0,0,0,0,0,0,0,0,0,0,0,0,0,0,0,0,0,0,0,0,0,0,0,2,0,0,0,0,1,0,5,57,0,0,0,0,0,0,29,0,0,0,0,0,0,0,0,0,0,0,0,0,0,0,0,0,9,0,0,0,0,0,6,0
vOTU_10991,0,0,0,0,0,0,3,0,13,4,312,23,0,0,3,0,0,0,53,0,0,0,0,0,0,0,0,0,0,0,0,0,0,0,0,0,0,0,0,0,0,0,0,0,0,0,0,3,21,0,48,13,0,0,5,0,0,0,86,0,0,0,0,0,0,0,0,0,0,0,0,0,0,0,0,0,0,0,0,0,0,0,0,0
vOTU_10995,0,0,1,0,1,0,2,2,2,0,289,21,0,0,0,4,0,0,69,0,0,0,0,0,0,0,0,0,0,0,0,0,0,0,0,0,0,0,0,0,0,0,0,0,0,0,12,3,4,0,45,13,0,0,1,7,0,0,123,0,0,0,0,0,0,0,0,0,0,0,0,0,0,0,0,0,0,0,0,0,0,0,0,0
vOTU_11291,15,0,1,0,1,0,2,0,19,0,801,13,0,0,0,0,0,0,0,0,0,0,0,0,0,0,0,0,0,0,0,0,0,0,0,0,0,0,0,0,0,0,0,0,0,0,0,0,130,0,141,15,0,0,0,0,0,0,0,4,0,0,9,0,0,0,0,0,0,0,0,0,0,0,0,0,0,0,0,0,0,0,0,0
vOTU_11306,10,0,4,3,1,0,2,2,23,0,857,13,0,0,0,0,0,0,0,0,0,0,0,0,0,0,0,0,0,0,0,0,0,0,0,0,0,0,0,0,0,0,0,0,0,1,0,0,118,0,150,12,0,0,0,0,0,0,0,2,0,0,0,0,0,0,0,0,0,0,0,0,0,0,0,0,0,0,0,0,0,0,0,0
vOTU_11388,119,0,0,0,0,3,2,0,25,2,371,71,0,0,0,0,0,0,14,2,0,0,0,0,0,0,0,0,0,0,0,0,0,0,0,0,0,0,0,0,0,0,0,0,0,1,3,0,45,2,67,14,0,0,5,2,0,0,8,0,0,0,0,0,0,0,0,0,0,0,0,0,0,0,0,0,0,0,0,0,0,0,0,0
vOTU_11471,0,0,0,0,0,0,0,0,0,0,80,0,0,0,0,0,0,0,2,0,0,0,0,0,0,0,0,0,0,0,0,0,0,0,0,0,0,0,0,0,0,0,0,0,0,0,0,0,0,0,0,0,0,0,0,0,0,0,0,0,0,0,0,0,0,0,0,0,0,0,0,0,0,0,0,0,0,0,0,0,0,0,0,0
vOTU_11500,0,0,0,0,0,0,0,0,0,0,0,0,0,0,0,0,0,0,28,0,0,0,0,0,0,0,0,0,0,0,0,0,0,0,0,0,0,0,0,0,0,0,0,0,0,0,0,0,0,0,0,0,0,0,1,0,0,0,105,0,0,0,0,0,0,0,0,0,0,0,0,0,0,0,0,0,0,0,0,0,0,0,0,0
vOTU_11562,0,0,0,0,0,0,0,0,0,0,76,0,0,0,0,0,0,0,0,0,0,0,0,0,0,0,0,0,0,0,0,0,0,0,0,0,0,0,0,0,0,0,0,0,0,0,0,0,0,0,0,0,0,0,0,0,0,0,0,2,0,0,0,0,0,0,0,0,0,0,0,0,0,0,0,0,0,0,0,0,0,0,0,0
vOTU_11641,0,0,0,0,0,0,0,0,53,0,0,0,0,0,3,0,0,0,5,0,0,0,0,0,0,0,0,0,0,0,0,0,0,0,0,0,0,0,0,0,0,0,0,0,0,0,0,0,63,0,0,0,0,0,0,0,0,0,2,0,0,0,0,0,0,0,0,0,0,0,0,0,0,0,0,0,0,0,0,0,0,0,0,0
vOTU_11690,0,0,0,0,0,1,2,0,1,2,316,1,0,0,0,0,1,0,22,0,0,0,0,0,0,0,0,0,0,0,0,0,0,0,0,0,0,0,0,0,0,0,0,0,0,0,0,0,0,0,18,0,0,0,0,0,0,0,41,0,0,0,0,0,0,0,0,0,0,0,0,0,0,0,0,0,0,0,0,0,0,0,0,6
vOTU_11720,0,0,0,0,0,0,0,0,0,0,114,0,0,0,0,0,0,0,13,0,0,0,0,0,0,0,0,0,0,0,0,0,0,0,0,0,0,0,0,0,0,0,0,0,0,0,0,0,0,0,0,0,0,0,0,0,0,0,96,0,0,0,0,0,0,0,0,0,0,0,0,0,0,0,0,0,0,0,0,0,0,0,0,0
vOTU_11841,0,0,0,0,0,0,0,0,0,0,0,1,0,0,0,0,0,0,41,0,0,0,0,0,0,0,0,0,0,0,0,0,0,0,0,0,0,0,0,0,0,0,0,0,0,0,0,0,0,0,0,0,0,0,1,0,0,0,111,0,0,0,0,0,0,0,0,0,0,0,0,0,0,0,0,0,0,0,0,0,0,0,0,0
vOTU_11855,1,0,0,0,0,0,0,0,26,0,6,25,0,0,0,0,0,0,4,0,0,0,0,0,0,0,0,0,0,0,0,0,0,0,0,0,0,0,0,0,0,0,0,0,0,0,1,0,164,0,0,7,0,0,6,0,0,0,9,0,0,0,0,0,0,0,0,0,0,0,0,0,0,0,0,0,0,0,0,0,0,0,0,0
vOTU_12087,14,0,1,0,0,2,7,0,11,0,118,26,4,0,3,25,0,0,11,3,0,0,0,0,0,0,0,0,0,0,0,0,0,0,0,0,0,0,0,0,0,0,0,0,0,0,157,0,37,0,17,7,2,0,2,72,0,0,13,0,0,0,0,0,0,0,0,0,0,0,0,0,0,0,0,0,0,0,0,0,0,0,0,0
vOTU_12247,40,0,0,3,1,0,0,0,3,0,412,50,0,0,2,0,0,0,44,0,0,0,0,0,0,0,0,0,0,0,0,0,0,0,0,0,0,0,0,0,0,0,0,0,0,0,0,0,0,2,6,8,0,0,0,0,0,0,21,0,0,0,0,0,0,0,0,0,0,0,0,0,0,0,0,0,0,0,0,0,0,0,0,0
vOTU_12353,33,1,21,97,32,33,75,38,47,68,12,17439,1307,0,2,34,1,33,6,2560,0,0,0,0,0,0,0,7,0,132,0,0,0,0,0,0,0,0,0,0,46,2,0,0,7,1,485,2,22,2,4,1764,358,2,0,106,2,35,49,744,4,336,0,34,0,0,0,0,0,0,0,0,0,0,14,0,5,0,0,0,0,10,0,6
vOTU_12378,0,0,0,0,0,1,5,4,2,0,176,2,0,0,0,0,0,0,27,0,0,0,0,0,0,0,0,0,0,0,0,0,0,0,0,0,0,0,0,0,0,0,0,0,0,0,2,0,3,2,3,5,0,0,0,0,0,0,35,4,0,0,0,0,0,0,0,0,0,0,0,0,0,0,0,0,0,0,0,0,0,0,0,0
vOTU_12379,36,0,0,0,1,0,0,0,4,0,435,54,0,0,2,0,1,0,56,0,0,0,0,0,0,0,0,0,0,0,0,0,0,0,0,0,0,0,0,0,0,0,0,0,0,0,0,0,0,0,3,9,0,0,0,0,0,0,23,0,0,0,0,0,0,0,0,0,0,0,0,0,0,0,0,0,0,0,0,0,0,0,0,0
vOTU_12412,0,0,0,0,0,0,0,0,1,0,51,2,0,0,0,0,0,0,4,0,0,0,0,0,0,0,0,0,0,0,0,0,0,0,0,0,0,0,0,0,0,0,0,0,0,0,0,0,3,0,0,7,0,0,0,0,0,0,17,0,0,0,0,0,0,0,0,0,0,0,0,0,0,0,0,0,0,0,0,0,0,0,0,0
vOTU_12444,0,0,0,0,0,0,0,0,0,0,171,19,0,0,0,0,0,0,38,0,0,0,0,0,0,0,0,0,0,0,0,0,0,0,0,0,0,0,0,0,0,0,0,0,0,0,0,0,3,0,19,7,0,0,1,0,0,0,11,0,0,0,0,0,0,0,0,0,0,0,0,0,0,0,0,0,0,0,0,0,0,0,0,0
vOTU_12463,22,0,0,13,1,2,39,2,127,4,1073,90,2,0,5,30,0,0,11,42,0,0,0,0,0,0,0,0,0,0,0,0,0,0,0,0,0,0,0,0,0,0,0,0,0,0,75,2,805,0,589,26,0,0,2,71,0,0,29,0,0,0,0,11,0,0,0,0,0,0,0,0,0,10,0,0,0,0,0,0,0,0,0,0
vOTU_12483,0,0,0,0,0,0,2,0,152,0,1,0,4,0,0,0,0,0,19,0,0,0,0,0,0,0,0,0,0,0,0,0,0,0,0,0,0,0,0,0,0,0,0,0,0,0,0,0,34,0,0,0,0,0,2,0,0,0,7,0,0,0,0,0,0,0,0,0,0,0,0,0,0,0,0,0,0,0,0,0,0,0,0,0
vOTU_12496,0,0,0,0,0,0,4,0,46,0,11,0,0,0,2,0,0,0,22,0,0,0,0,0,0,0,0,0,0,0,0,0,0,0,0,0,0,0,0,0,0,2,0,0,0,0,0,0,32,0,1,0,0,0,0,0,0,0,33,0,0,0,0,0,0,0,0,0,0,0,0,0,0,0,0,0,0,0,0,0,0,0,0,0
vOTU_12665,0,0,1,0,0,0,0,0,2,0,424,0,0,0,0,0,0,0,33,0,0,0,0,0,0,0,0,0,0,0,0,0,0,0,0,0,0,0,0,0,0,0,0,0,0,0,0,0,0,0,36,0,0,0,0,0,0,0,48,0,0,0,0,0,0,0,0,0,0,0,0,0,0,0,0,0,0,0,0,0,0,0,0,0
vOTU_12739,55,0,1,0,0,0,4,2,19,0,453,151,0,0,2,4,0,0,45,1,0,0,0,0,0,0,0,0,0,0,0,0,0,0,0,0,0,0,0,0,0,0,3,0,0,0,8,2,82,0,115,33,0,0,11,20,0,0,54,2,0,0,0,0,0,0,0,0,0,0,0,0,0,0,0,0,0,0,0,0,0,0,0,0
vOTU_12773,2,0,0,7,0,0,0,0,1,0,108,1,0,0,0,9,0,0,28,0,0,0,0,0,0,0,0,0,0,0,0,0,0,0,0,0,0,0,0,0,0,0,0,0,0,0,2,0,21,0,16,1,0,2,0,0,0,0,57,0,0,0,0,0,0,0,0,0,0,0,0,0,0,0,0,0,0,0,0,0,0,0,0,0
vOTU_12816,0,0,0,0,0,0,0,0,2,0,44,3,0,0,0,0,3,0,7,0,0,0,0,0,0,0,0,0,0,0,0,0,0,0,0,0,0,0,0,0,0,0,0,0,0,0,1,0,6,0,4,9,0,0,0,3,0,0,11,0,0,0,0,0,0,0,0,0,0,0,0,0,0,0,0,0,0,0,0,0,0,0,0,0
vOTU_12998,0,0,0,0,1,0,0,0,7,0,90,4,0,0,0,0,0,0,25,3,0,0,0,0,0,0,0,0,0,0,0,0,0,0,0,0,0,0,0,0,0,0,0,0,0,0,0,0,16,0,19,0,0,0,0,0,0,0,28,0,0,0,19,0,0,0,0,0,0,0,0,0,0,0,0,0,0,0,0,0,0,0,0,0
vOTU_13020,61,0,0,0,0,0,14,0,3,0,69,11,0,0,5,39,0,0,17,1,0,0,0,0,0,0,0,0,0,0,0,0,0,0,0,0,0,0,0,0,0,0,0,0,0,0,204,0,18,0,3,0,0,0,5,62,0,0,12,0,0,0,0,0,0,0,0,0,0,0,0,0,0,0,0,0,0,0,0,0,0,0,0,0
vOTU_13025,0,0,0,0,0,0,2,0,0,0,29,0,2,6,3,17,2,0,3760,5,0,0,0,0,0,0,20,0,0,0,0,0,0,0,0,0,0,0,0,0,0,0,0,0,0,0,2,3,2,0,6,1,3,2,2,8,0,5,2061,2,0,0,0,11,0,0,0,0,0,0,0,27,0,0,0,0,0,0,0,0,0,0,6,0
vOTU_13034,0,0,0,0,0,0,0,0,0,0,0,0,0,0,0,0,0,0,33,0,0,0,0,0,0,0,0,8,0,0,0,0,0,0,0,0,0,0,0,0,0,0,0,0,0,0,0,0,1,0,0,0,0,1,0,0,0,0,48,0,0,0,0,0,0,0,0,0,0,0,0,0,0,0,0,0,0,0,0,0,0,0,0,0
vOTU_13035,0,0,0,0,0,0,2,0,0,0,90,4,0,0,0,0,3,0,21,0,0,0,0,0,0,0,0,0,0,0,0,0,0,0,0,0,0,0,0,0,0,0,0,0,0,0,0,0,16,0,3,21,0,0,0,0,0,0,46,0,0,0,0,0,0,0,0,0,0,0,0,0,0,0,0,0,0,0,0,0,0,0,0,0
vOTU_13062,1,0,0,0,0,0,0,0,1,0,162,5,0,0,0,0,3,0,13,0,0,0,0,0,0,0,0,0,0,0,0,0,0,0,0,0,0,0,0,0,0,0,0,0,0,0,0,0,5,0,1,1,0,0,0,0,0,0,21,0,0,0,10,0,0,0,0,0,0,0,0,0,0,0,0,0,0,0,0,0,0,0,0,0
vOTU_13123,216,0,0,0,0,0,0,0,48,0,523,275,2,0,0,18,0,0,89,2,0,0,0,0,0,0,0,0,0,0,0,0,0,0,0,0,0,0,0,0,0,0,0,0,4,0,11,0,187,2,80,73,2,0,9,16,0,0,100,0,0,0,0,0,0,0,0,0,0,0,0,0,0,0,0,0,0,0,0,0,0,20,0,0
vOTU_13142,0,0,0,0,0,0,0,0,0,0,19,0,0,0,0,0,0,0,13,0,0,0,0,0,0,0,0,0,0,0,0,0,0,0,0,0,0,0,0,0,0,0,0,0,0,0,0,0,0,0,0,0,0,0,0,0,0,0,59,0,0,0,0,0,0,0,0,0,0,0,0,0,0,0,0,0,0,0,0,0,0,0,0,0
vOTU_13211,6,0,0,0,0,0,0,0,6,0,92,5,0,0,0,0,9,0,15,0,0,0,0,0,0,0,0,0,0,0,0,0,0,0,0,0,0,0,0,0,0,0,0,0,0,0,0,0,21,0,10,12,0,0,0,3,0,0,9,0,0,0,0,0,0,0,0,0,0,0,0,0,0,0,0,0,0,0,0,0,0,0,0,0
vOTU_13250,0,0,0,0,0,0,0,0,0,0,6,15,0,0,0,0,0,0,0,0,0,0,0,0,0,0,0,0,0,0,0,0,0,0,0,0,0,0,0,0,0,0,0,0,0,0,0,0,9,0,3,139,0,0,0,0,0,0,0,0,0,0,0,0,0,0,0,0,0,0,0,0,0,0,0,0,0,0,0,0,0,0,0,0
vOTU_13541,0,0,0,0,0,0,5,0,5,0,140,0,0,0,0,0,0,0,87,0,0,0,0,0,0,0,0,0,0,0,0,0,0,0,0,0,0,0,0,0,0,0,0,0,0,0,0,0,44,0,20,5,1,0,1,0,0,0,136,0,0,0,0,0,0,0,0,0,0,0,0,0,15,0,0,0,0,0,0,0,0,0,0,0
vOTU_13612,0,0,0,0,0,0,0,0,0,0,74,0,0,0,0,0,0,0,0,0,0,0,0,0,0,0,0,0,0,0,0,0,0,0,0,0,0,0,0,0,0,0,0,0,0,0,0,0,7,0,3,0,0,0,0,0,0,0,0,0,0,0,0,0,0,0,0,0,0,0,0,0,0,0,0,0,0,0,0,0,0,0,0,0
vOTU_13613,25,0,3,0,0,3,11,0,29,0,335,72,2,0,5,36,1,0,81,7,0,0,0,0,0,0,0,0,0,0,0,0,0,0,0,0,0,0,0,0,0,0,0,0,0,0,55,0,115,0,30,17,1,0,10,129,0,0,33,2,0,0,0,0,0,0,0,0,0,0,0,0,0,0,0,0,0,0,0,0,0,0,0,0
vOTU_13784,0,0,0,0,0,0,0,0,3,0,121,6,4,0,2,0,1,0,24,0,0,0,0,0,0,0,0,0,0,0,0,0,0,0,0,0,0,0,0,0,0,0,0,0,0,0,1,0,11,0,8,12,0,0,0,0,0,0,44,0,0,0,0,0,0,0,0,0,0,0,0,0,0,0,0,0,0,0,0,0,0,0,0,0
vOTU_13785,0,0,1,0,0,0,0,0,0,2,435,0,0,0,0,0,0,0,41,0,0,0,0,0,0,0,0,0,0,0,0,0,0,0,0,0,0,0,0,0,0,0,0,0,0,0,0,0,0,0,32,0,0,0,0,0,0,0,54,0,0,0,0,0,0,0,0,0,0,0,0,0,0,0,0,0,0,0,0,0,0,0,0,0
vOTU_13801,0,0,0,0,0,0,26,0,131,0,1,0,0,2,49,0,0,0,442,0,0,0,0,0,0,0,0,0,0,0,0,0,0,0,0,0,0,0,0,0,0,0,0,0,0,0,19,0,289,0,9,2,2,0,18,0,0,0,320,0,0,0,0,0,0,0,0,0,0,0,0,0,0,0,0,0,0,0,0,0,0,0,0,7
vOTU_13803,0,0,0,0,0,0,0,0,0,0,45,4,2,0,0,4,0,0,9,2,0,0,0,0,0,0,0,0,0,0,0,0,0,0,0,0,0,0,0,0,0,0,0,0,0,0,3,0,11,0,5,6,0,0,0,19,0,0,13,0,0,0,0,0,0,0,0,0,0,0,0,0,0,0,0,0,0,0,0,0,0,0,0,0
vOTU_13906,0,0,0,0,0,0,0,0,0,0,1,0,0,0,0,0,0,0,29,0,0,0,0,0,0,0,0,0,0,0,0,0,0,0,0,0,0,0,0,0,0,0,0,0,0,0,0,0,0,0,0,0,0,0,0,3,0,0,127,0,0,0,0,0,0,0,0,0,0,0,0,0,0,0,0,0,0,0,0,0,0,0,0,0
vOTU_14085,0,0,0,0,0,0,2,0,105,0,0,1,4,0,8,0,0,0,15,0,0,0,0,0,0,0,0,0,0,0,0,0,0,0,0,0,0,0,0,0,0,0,0,0,0,0,2,0,28,0,0,0,0,0,0,0,0,0,0,0,0,0,0,0,0,0,0,0,0,0,0,0,0,0,0,0,0,0,0,0,0,0,0,0
vOTU_14112,0,0,0,0,0,0,0,0,0,0,63,0,0,0,0,0,0,0,0,0,0,0,0,0,0,0,0,0,0,0,0,0,0,0,0,0,0,0,0,0,0,0,0,0,0,0,0,0,0,0,0,0,0,0,0,0,0,0,0,0,0,0,0,0,0,15,0,0,0,0,0,0,0,0,0,0,0,0,0,0,0,0,0,0
vOTU_14133,0,0,0,0,0,0,0,0,14,0,7,0,0,0,2,0,0,0,40,0,0,0,0,0,0,0,0,0,0,0,0,0,0,0,0,0,0,0,8,0,0,0,0,0,0,0,0,0,169,0,0,0,0,0,0,0,0,0,64,0,0,0,0,0,0,0,0,0,0,0,0,0,0,0,0,0,0,0,0,0,0,0,0,0
vOTU_14142,0,0,1,0,0,0,2,0,1,6,589,2,0,0,0,0,0,2,55,0,0,0,0,0,0,0,0,0,9,0,0,0,0,0,0,0,0,0,0,0,0,0,0,0,0,0,0,0,1,2,47,0,0,0,1,3,0,0,73,0,0,0,0,0,0,0,0,0,0,0,0,0,0,0,0,0,0,0,0,0,0,0,0,0
vOTU_14238,0,0,1,0,0,0,0,0,0,0,478,0,0,0,0,0,0,0,110,0,0,0,0,0,0,0,0,0,0,0,0,0,0,0,0,0,0,0,0,0,0,0,0,0,0,0,2,0,1,0,150,1,0,1,0,0,0,0,59,0,0,0,0,0,0,0,0,0,0,0,0,0,0,0,0,0,0,0,0,0,0,0,0,0
vOTU_14247,3,62,57,0,4,2,7,2,1125,4,0,12,0,2,1415,18,92,12,14,2190,0,0,0,0,0,0,0,0,0,0,0,0,49,22,0,0,0,0,0,0,11,57,25,33,20,7,283,88,9482,8,25,32,13,0,1265,97,0,27,73,242,0,0,0,0,0,0,0,0,0,0,0,0,0,0,0,0,0,0,0,0,0,0,37,20
vOTU_14268,1419,0,24,43,11,24,19,21,17454,33,800,10223,101,256,0,640,0,0,604,9,0,0,0,0,0,0,0,56,0,43,0,0,0,0,0,0,0,0,74,0,11,73,72,134,76,58,154,147,101302,66,170,9271,100,90,10,2528,3,14,778,4,2,90,0,0,0,15,0,0,0,0,0,19,140,0,0,0,0,0,0,7,0,0,12,119
vOTU_14274,8,0,0,0,0,0,6,0,4,0,161,14,0,0,7,0,0,0,34,0,0,0,0,0,0,0,0,0,0,0,0,0,0,0,0,0,0,0,0,0,0,0,0,0,0,0,49,0,16,0,34,0,0,0,5,0,0,0,43,0,0,0,0,0,0,0,0,0,0,0,0,0,0,0,0,0,0,0,0,0,0,0,0,0
vOTU_14354,0,0,0,0,0,0,0,0,0,0,87,0,0,0,3,0,0,0,3,0,0,0,0,0,0,0,0,0,0,0,0,0,0,0,0,0,0,0,0,0,0,0,0,0,0,0,0,0,0,0,3,0,0,0,0,0,0,0,8,0,0,0,0,0,0,0,0,0,0,0,0,0,0,0,0,0,0,0,0,0,0,0,0,0
vOTU_14370,44,0,3,18,4,1,240,11,28,4,2018,54,2,0,25,18,1,2,163,0,0,0,0,0,0,0,0,0,0,0,0,0,0,0,0,0,0,0,0,14,0,0,0,3,3,4,801,3,192,2,501,16,1,1,25,46,0,0,102,4,0,0,10,0,0,0,0,0,0,0,0,0,0,0,0,0,0,0,0,0,0,10,0,0
vOTU_14371,24,0,0,7,8,3,176,6,32,4,1839,43,6,0,30,9,0,4,162,0,0,0,0,0,0,0,0,0,0,0,0,0,0,0,0,0,0,0,0,0,5,0,0,0,5,0,654,2,218,0,501,13,0,0,27,27,0,0,108,4,0,0,10,0,0,0,0,0,0,0,0,0,0,0,0,0,0,0,0,0,0,0,0,0
vOTU_14376,51,0,1,29,10,3,287,8,58,2,3407,92,10,0,46,5,2,2,237,0,0,0,0,0,0,0,0,0,0,0,0,0,0,0,0,0,0,0,0,0,0,0,0,0,6,1,1156,7,294,0,775,15,1,0,41,48,0,0,159,0,0,0,0,24,0,0,0,0,0,0,0,0,0,0,0,0,0,0,0,0,0,0,0,0
vOTU_14377,54,0,0,25,8,3,320,8,75,6,3651,120,2,0,40,5,4,4,270,0,0,0,0,0,0,0,0,0,0,0,0,0,0,0,0,8,0,0,0,0,0,0,0,3,11,0,1247,10,348,0,877,18,0,0,45,32,2,0,168,2,0,0,0,0,0,0,0,0,0,0,0,0,0,0,0,0,0,0,0,0,0,0,0,0
vOTU_14379,26,0,0,0,4,1,210,4,47,4,1828,47,4,0,27,9,0,0,151,0,0,0,0,0,0,0,0,0,0,0,0,0,0,0,0,0,0,0,0,0,5,0,1,0,5,0,634,0,183,2,503,10,3,1,22,24,2,0,87,2,0,0,0,0,0,0,0,0,0,0,0,0,0,0,0,0,0,0,0,0,0,0,0,0
